1301753,siningxiang,5
1301753,xleft,5
1301753,FFLonestar,5
1301753,tina,5
1301753,3060719,5
1301753,159160333,4
1301753,lordcynthia,5
1301753,161344852,5
1301753,173316962,5
1301753,151268747,5
1301753,155602622,4
1301753,131371214,4
1301753,152911347,4
1301753,160477482,5
1301753,174051092,5
1301753,seanwangxiao,5
1301753,155606228,5
1301753,167647646,5
1301753,Hotaru_zs,5
1301753,159467414,4
1301753,148387562,3
1301753,yjhxiaoyangshu,4
1301753,cotonflower,5
1301753,1127356,5
1301753,127087350,5
1301753,161417393,4
1301753,butterking,5
1301753,39459858,4
1301753,1052542,4
1301753,44872155,5
1301753,131607035,4
1301753,146831340,3
1301753,52269752,4
1301753,52497934,5
1301753,alcudish,5
1301753,qingjiela,4
1301753,glanceback,5
1301753,delphiash,4
1301753,stevenzhaodl,5
1301753,154737590,4
1301753,dalianhaizao,4
1301753,yishu.,4
1301753,63154393,5
1301753,184177827,5
1301753,172922456,3
1301753,192987138,5
1301753,funnyhc,5
1301753,210381677,4
1301753,212052112,3
1301753,210344850,3
1301753,210344850,3
1301753,170708749,4
1301753,127345309,5
1301753,problemchildren,5
1301753,6328459,5
1301753,laxu,4
1301753,3091406,5
1301753,speak,5
1301753,199674499,4
1301753,189472867,5
1301753,133196182,5
1301753,ziyuyouyou,5
1301753,waiwaixiaohei,5
1301753,Love-Lunasea,4
1301753,suzhoucy,4
1301753,Kemin,5
1301753,henry_eon,5
1301753,xuelian,4
1301753,190931959,4
1301753,213379997,5
1301753,187329430,5
1301753,98012713,5
1301753,64856559,4
1301753,40174273,3
1301753,84512686,4
1301753,4083554,5
1301753,owenloi,5
1301753,gubutong,4
1301753,redqian,5
1301753,chairmannirvana,4
1301753,36095883,5
1301753,55442791,4
1301753,44996820,3
1301753,beijingzz,5
1301753,180206756,5
1301753,202418148,5
1301753,43957164,5
1301753,181318250,2
1301753,180008768,4
1301753,66301110,5
1301753,wuzhebupt,5
1301753,jessielee1018,5
1301753,172809694,4
1301753,GoDzhu,5
1301753,134599100,5
1301753,48066049,5
1301753,48066049,5
1301753,runningbryan,5
1301753,81750884,5
1301753,52039832,4
1301753,dalantuv,5
1301753,eric_iiw,5
1301753,2819502,5
1301753,qfmeng,5
1301753,haeyukitachi,5
1301753,linxiaoxueyao,5
1301753,immortal_3,4
1301753,2268701,5
1301753,1022970,5
1301753,226662476,3
1301753,239918836,4
1301753,195740067,5
1301753,242060180,5
1301753,239226858,4
1301753,213019866,5
1301753,161751397,5
1301753,162325259,5
1301753,231622485,5
1301753,231199925,5
1301753,233641179,4
1301753,Adammr,5
1301753,200134453,5
1301753,186550356,4
1301753,wyd0816,3
1301753,206539662,5
1301753,231224849,4
1301753,209105811,4
1301753,214962911,5
1301753,217940696,5
1301753,227054477,4
1301753,227107831,4
1301753,223301093,4
1301753,186657023,4
1301753,218953769,4
1301753,215518821,5
1301753,206528678,4
1301753,167378326,4
1301753,221997796,5
1301753,221278456,4
1301753,220570667,4
1301753,143464098,5
1301753,157282894,5
1301753,217965236,5
1301753,208581236,5
1301753,217651139,4
1301753,216101108,4
1301753,212857368,5
1301753,katrinely,5
1301753,yibo970805Wang,4
1301753,204050889,4
1301753,209904980,5
1301753,211529377,4
1301753,119203637,5
1301753,197964763,4
1301753,214094173,4
1301753,213748429,5
1301753,213979678,4
1301753,153614589,4
1301753,213796790,5
1301753,211409209,4
1301753,213367396,5
1301753,204072840,5
1301753,184240608,4
1301753,164053465,4
1301753,212470439,5
1301753,zjmmkd,5
1301753,210371729,5
1301753,211788290,5
1301753,188278004,4
1301753,211165366,4
1301753,211297250,5
1301753,208981111,4
1301753,185738489,5
1301753,207606558,4
1301753,211405368,5
1301753,211168068,4
1301753,210366394,4
1301753,198278674,4
1301753,210247466,5
1301753,180288315,5
1301753,190157837,5
1301753,78917503,4
1301753,148047122,5
1301753,47626766,4
1301753,175657266,5
1301753,151309010,5
1301753,199702394,5
1301753,180863739,4
1301753,199543964,4
1301753,199656791,5
1301753,183588099,4
1301753,134489615,4
1301753,186126922,3
1301753,midnigth_sun,5
1301753,197169293,4
1301753,149447514,4
1301753,1050597,5
1301753,yummyhue,4
1301753,33191697,5
1301753,123335355,5
1301753,191470892,4
1301753,51110977,5
1301753,163323907,5
1301753,123499638,5
1301753,163621067,5
1301753,147986902,5
1301753,121649800,4
1301753,197678081,4
1301753,133676365,5
1301753,mm0991,5
1301753,RealOrRich,3
1301753,65353594,5
1301753,95865076,5
1301753,54382756,5
1301753,peijiawen,5
1301753,190336128,5
1301753,190669761,5
1301753,144427756,4
1301753,127893622,4
1301753,190330061,5
1301753,186812459,5
1301753,188469627,4
1301753,189571550,5
1301753,150349213,4
1301753,189548260,5
1301753,136745712,5
1301753,174371962,5
1301753,170556740,5
1301753,183795767,5
1301753,79027745,5
1301753,77071779,4
1301753,184177827,5
1301753,177528267,5
1301753,183059895,5
1301753,140678879,5
1301753,73905298,5
1301753,139042445,3
1301753,139947978,4
1301753,119568413,4
1301753,algeking,4
1301753,163266692,4
1301753,97800435,5
1301753,151561752,4
1301753,164901044,5
1301753,178132284,4
1301753,169204037,4
1301753,165413984,4
1301753,fuerimmer,5
1301753,58482756,5
1301753,171197689,4
1301753,143483312,5
1301753,123344599,4
1301753,171527418,5
1301753,174461268,4
1301753,168258556,5
1301753,91657585,5
1301753,172304117,5
1301753,166430557,5
1301753,76870953,5
1301753,82617505,5
1301753,138370065,5
1301753,159702506,5
1301753,163685673,5
1301753,Hoiutong,5
1301753,159379322,4
1301753,147179716,5
1301753,149734889,4
1301753,163831015,5
1301753,152832564,5
1301753,life942,4
1301753,138223925,5
1301753,150938493,5
1301753,153025571,5
1301753,159341196,4
1301753,160364293,4
1301753,70842919,5
1301753,159472534,5
1301753,52764407,5
1301753,154230042,5
1301753,156151241,4
1301753,152823816,5
1301753,66557558,5
1301753,sea829,4
1301753,96920552,5
1301753,kiara1988,5
1301753,59874855,5
1301753,hzyl,5
1301753,142305227,5
1301753,runningbryan,5
1301753,58519108,4
1301753,54587772,5
1301753,4427457,5
1301753,Veronicam,5
1301753,cby890653,5
1301753,54002088,3
1301753,25575565,5
1301753,49041757,5
1301753,raygs,5
1301753,47935001,5
1301753,44290871,4
1301753,mn_jituan,4
1301753,55780347,4
1301753,summertaku,5
1301753,joyceamigo,5
1301753,54424275,5
1301753,4159753,4
1301753,27379161,5
1301753,lubolin,4
1301753,3697683,5
1301753,3897908,5
1301753,kiri521,5
1301753,yvonnetni,4
1301753,43885982,5
1301753,40780553,5
1301753,chrissiefeng,5
1301753,3415446,4
1301753,40856859,5
1301753,4425132,5
1301753,HisCici,5
1301753,6036652,4
1301753,33941982,5
1301753,32689440,5
1301753,fengzhe000,4
1301753,24387440,5
1301753,12526027,5
1301753,4500067,5
1301753,VilaVila,5
1301753,4414595,4
1301753,4351141,5
1301753,hongdouban,5
1301753,3275892,5
1301753,1188769,5
1301753,3999784,5
1301753,2853846,3
1301753,3443795,5
1301753,3130812,5
1301753,2616104,5
1301753,andy.yehoo,4
1301753,1714755,5
1301753,2590301,5
1301753,2414099,5
1301753,2156606,5
1301753,simbalost,5
1301753,1892442,5
1301753,liuwanning_87,4
1301753,2049792,4
1301753,2143726,5
1301753,1797069,5
1301753,kobalos,5
1301753,Tenny_cao,5
1301753,anywendy,4
1301753,villena,5
1301753,zq5dkr,5
1301753,lvshaaa,5
1301753,103487649,5
1301753,93455044,4
1301753,89170167,5
1301753,116391808,4
1301753,shinemiao,4
1301753,84151196,5
1301753,62209695,4
1301753,62209695,4
1301753,nancyzyn,5
1301753,83377938,5
1301753,74606114,5
1301753,neverlandslord,5
1301753,54344998,4
1301753,Kenren,3
1301753,4798370,4
1301753,52039832,4
1301753,53612141,5
1301753,58512812,5
1301753,zzzcounseling,5
1301753,4569226,5
1301753,Rena52012,5
1301753,1227835,5
1301753,135450697,3
1301753,189784789,5
1301753,128606457,3
1301753,156902068,3
1301753,51586911,3
1301753,49738176,3
1301753,dyshaizi,3
1301753,1313204,3
1301753,104545763,1
1301753,142284736,1
1301753,willsearch,5
1301753,23115796,3
1301753,mawson,2
1301753,maplerubbish,3
