157865012,1418019,26752088,1291583,1291560,1291561,1308807,1291546,26387939,21937445,1291828
58766653,1418019,26752088,1291560,1291561,26387939,21937445,1292213,1291583,1307914,3742360
126980247,1418019,26752088,1299398,1291546,5912992,6786002,1292213,1292365,1293839,2131459
72626968,1299398,1292213,1291546,1291858,3742360,26387939,21937445,1307914,3793023,21937452
131371214,1418019,1299398,1292213,1291583,26752088,1291546,1291560,1308807,1291561,6786002
145790989,1418019,26752088,1292213,1291560,21937445,1299398,3793023,26387939,1291858,3742360
156222271,1418019,26752088,1291560,1291583,1291561,1308807,6786002,5912992,1291828,1929463
155603461,1418019,1291583,1292213,1291560,26752088,1299398,1291561,1308807,1291858,1929463
52269752,1418019,26752088,1299398,1292213,5912992,1291546,30170448,1900841,1292063,3793023
love921054,26752088,1418019,1291546,2129039,1291828,1900841,1291572,1292365,1292000,1291841
151375983,26752088,5912992,3742360,3793023,1291858,21937445,1299398,1307914,2131459,1291572
131693056,1418019,26752088,26387939,21937445,3742360,1307914,5912992,1296141,1900841,1291858
154039834,1299398,26752088,1291546,1291858,1292213,26387939,5912992,3793023,1307914,1291818
174051092,1299398,1418019,1291546,26752088,1292213,1291858,26387939,1292365,21937445,3793023
151769944,1418019,26752088,1291560,1292213,26387939,1299398,21937445,1291561,1291583,1307914
127082811,1418019,26752088,1299398,1292213,5912992,6786002,1291858,21937452,1291828,1291843
131023951,1418019,26752088,1291583,1292213,1291560,1291561,1308807,1293350,1299398,1291858
159286549,1299398,1292213,1291546,26752088,1418019,21937452,21937445,1291552,1291572,2131459
159467414,1418019,1291546,26752088,1299398,1292365,1292213,1296141,6786002,1300267,1291549
158195982,26752088,26387939,21937445,1307914,3793023,3742360,5912992,1296141,1291572,1293350
161011867,1299398,1418019,1292213,1291546,26752088,1291858,5912992,26387939,3742360,1307914
155606228,1418019,26752088,1291560,1291583,1291561,1291858,1308807,1291546,20495023,2131459
7509548,1418019,1299398,1291546,1292213,26752088,1291858,1291560,3742360,26387939,1292365
167647646,26752088,1418019,5912992,21937445,1900841,1291858,1291818,1296141,20495023,1293172
151268747,1299398,26752088,1291546,1292213,1291858,1418019,1292365,1291583,1296141,2131459
68629412,26752088,26387939,1291818,21937445,1929463,1291572,1900841,1291552,1291571,1293350
159952408,1299398,26752088,1292213,1291858,5912992,1291546,1418019,3742360,1929463,26387939
159269744,1418019,1291560,1291583,1291858,1291561,26752088,1308807,1291828,3742360,1292365
147353927,26752088,5912992,3742360,1291546,1291858,3793023,26387939,1307914,1291572,1291843
161254866,1418019,26752088,1291560,1291583,1291561,1292213,1308807,5912992,1900841,1299398
155602622,26752088,1418019,1291828,26387939,1291560,1291858,3793023,1929463,1291572,1291552
159457903,5912992,26387939,21937445,3793023,1307914,26752088,1296141,1291828,1298624,20495023
148387562,1299398,1291546,1291858,26752088,3793023,26387939,3742360,1418019,21937445,1292213
douban-time,1418019,1291583,1291560,1291561,1308807,1292213,3793023,21937445,1307914,26752088
171282164,1418019,1291583,1291560,1292213,1308807,26752088,26387939,1299398,1291561,21937445
maverick0806,1418019,1291583,1291560,26752088,1291561,5912992,1308807,1291546,1291858,3742360
165785508,1418019,1292213,26752088,1299398,5912992,1291858,1291560,6786002,1291583,3742360
dx12191,1299398,1418019,1292213,1291583,5912992,1291560,1291561,1291858,26752088,1291546
124002205,1418019,26752088,1291560,1291583,1308807,5912992,1291561,3742360,1291858,21937445
106877538,1292213,1291560,1291583,1299398,1291561,1308807,26752088,1418019,5912992,21937452
53547561,21937445,26387939,26752088,1418019,1307914,3742360,1291858,1291572,1291552,1296141
tomcruiseyy,1291583,1292213,1291560,1418019,1299398,1291561,26752088,5912992,1308807,21937452
167969399,1418019,26752088,1291561,1308807,1291560,21937445,1291583,26387939,1296141,1292063
153541194,1418019,1291583,5912992,1291560,1291561,1308807,26752088,3793023,1292213,6786002
150046762,26752088,1418019,5912992,1291560,1291858,3742360,21937445,1929463,1308807,1292000
ThinkingCat,1291546,1299398,26752088,1291583,1292213,1291560,1291561,1308807,1292365,1291858
49983396,1418019,1299398,1291546,1291560,1291583,1292213,1291858,1291561,1308807,5912992
akarui,1418019,1299398,1291546,1292213,1291858,6786002,5912992,1293350,3793023,1292365
6328459,1299398,1291583,1418019,1292213,26752088,1291560,1291561,1291546,1308807,21937452
immortal_3,1299398,26752088,1291546,5912992,1292213,1418019,26387939,21937445,1292365,20495023
midnigth_sun,1418019,1299398,1292213,1291583,1291560,1291828,21937452,1296141,1291572,21937445
chryz,1418019,1291583,1291560,5912992,1291561,1308807,1292213,26752088,1299398,1291828
158190953,1299398,1292213,1291546,5912992,1291858,26752088,1291828,21937452,1292365,6786002
tgdh,1418019,1299398,1292213,1291560,1291583,26752088,1291561,3793023,1291858,21937445
TanJin19970812,1418019,26752088,1291583,5912992,6786002,1291561,1308807,1291560,1291828,1292213
137169217,26752088,1291546,5912992,1299398,1291552,1292064,1291548,1291572,1296141,2129039
171746264,1418019,26752088,26387939,3793023,5912992,1292213,21937445,1299398,1307914,21937452
In-the-cut,1418019,26387939,1291561,1308807,21937445,3793023,1291583,1291828,1307914,1291560
217223103,1291546,26387939,1299398,21937445,1307914,1418019,1296141,3793023,3011091,3742360
191892142,1299398,1292213,1291546,1291560,1291858,1291583,1418019,1291561,1292365,3742360
160808136,1418019,1299398,1291560,1292213,1291583,26752088,1291858,1308807,21937445,3793023
xw2040,1299398,1418019,1292213,1291546,1291583,5912992,26752088,1291858,1291560,1291561
timeson,1418019,1299398,1292213,1291561,1308807,1291583,3793023,26387939,21937445,5912992
yiheng1989,1418019,1299398,1292213,1291583,1291560,1291546,1291858,1291561,1308807,26752088
194361797,1418019,26752088,1291561,1308807,5912992,1291560,1295038,3541415,1293350,1889243
164901044,1418019,26752088,1291546,1299398,1291561,1308807,1291583,1291560,2131459,1292213
43788290,1418019,26752088,1291546,26387939,5912992,3793023,1291858,1299398,1307914,1296141
neuxxm,1418019,1291583,1292213,1299398,1291560,26752088,5912992,1308807,21937452,6786002
2810458,1418019,26752088,5912992,1291828,3793023,26387939,1291552,1291572,1900841,21937445
youxuyao,1418019,26752088,5912992,30170448,1296141,1292063,1291548,1291841,1293839,2131459
style2004,1418019,26752088,1291583,1299398,1292213,6786002,1308807,1291560,1291561,1292365
zech,1291583,1292213,1291561,1299398,1291560,26752088,1293350,5912992,1308807,3793023
1079500,1418019,1299398,1291583,1291546,1291561,1292213,1291560,1308807,26752088,6786002
mumu007,1418019,1291560,5912992,26387939,21937445,3793023,1292213,1307914,1291561,1308807
210723623,1299398,1292213,26752088,5912992,1418019,1291583,1291560,21937452,1291858,20495023
92381007,1418019,1299398,1292213,1291583,1291560,26752088,5912992,1291546,21937452,1308807
188268667,1418019,1291546,5912992,1299398,26752088,26387939,1900841,1291828,1291549,3742360
46151281,1418019,1291546,1299398,26752088,1291858,1292365,1292213,1293350,3742360,3793023
58089136,1418019,26752088,1291583,1291561,1308807,1291560,1299398,1292213,1296141,3742360
51586911,26752088,21937445,26387939,30170448,21937452,1296141,25662329,20495023,1291841,25958717
70648838,1418019,26752088,1291583,26387939,21937445,1291560,1292213,1299398,1291561,1292063
RLienhzg,1418019,1299398,1291583,1291546,1292213,1291560,1291561,1308807,26752088,1291858
AMY-SHUFEN,1418019,5912992,26387939,21937445,3793023,26752088,1296141,1307914,3742360,6786002
milamila,1418019,1299398,1291546,5912992,1291858,1292213,26752088,21937445,1291828,3742360
morch,1299398,1292213,26752088,1291583,1291560,1291546,1291561,5912992,1291858,1308807
208870181,1418019,5912992,26752088,6786002,1900841,1291858,1292365,1291546,21937445,20495023
194787815,26752088,5912992,3541415,1292001,1291572,1291552,1293350,27060077,1291571,1851857
151309010,26752088,1299398,1291546,1292213,3742360,1291858,26387939,21937445,1307914,1292365
105257685,1418019,1299398,26752088,1291546,1292213,5912992,1291858,3742360,1292365,1900841
137592714,1418019,26752088,1291546,1291560,1291561,1291858,1296141,1299398,1292213,3742360
wujinze,1418019,1291583,5912992,26752088,21937445,3793023,26387939,1291561,21937452,1308807
2006114,1418019,26752088,1292213,1293350,1299398,1291828,1291549,5912992,6786002,1292063
qfmeng,1418019,1299398,1292213,26752088,21937452,5912992,26387939,3793023,21937445,1291858
liujun8911,26752088,1291546,26387939,5912992,21937445,1307914,1900841,1296141,3793023,3011091
3221301,1418019,1292213,1291583,1291560,1299398,3742360,1291858,26387939,1291546,1291561
kissjessica,1418019,1299398,26752088,1291546,1291560,1291583,1292213,1308807,1291561,5912992
guuuu,26752088,1299398,5912992,1292213,3793023,1291858,1418019,3742360,21937445,26387939
ten10,1291561,3793023,5912992,21937445,26752088,1291560,26387939,1307914,3742360,1299398
239918836,1418019,1291561,26752088,1291560,3793023,1291583,1308807,26387939,21937445,1307914
224486027,1291546,1299398,26752088,1291858,1292365,1292213,26387939,5912992,3793023,1296141
242744994,1418019,26752088,5912992,1299398,1292213,3793023,1291858,6786002,1291828,20495023
201019910,26752088,1418019,5912992,1292213,21937445,1929463,1293350,3793023,1307914,1295038
226468451,1292213,1299398,26752088,5912992,1291560,21937452,1291572,1291552,1295124,2129039
205850590,1418019,1291583,1291560,1292213,1291561,26752088,1308807,1299398,21937452,5912992
240085845,1418019,1299398,1292213,1291583,1291560,1291561,5912992,6786002,1308807,1291546
162370526,1418019,1291546,26752088,3793023,26387939,21937445,1291858,5912992,1292365,1291828
233955842,1299398,1418019,1292213,1291583,1291560,1291561,5912992,1308807,6786002,1291546
176327405,1418019,1299398,1291546,5912992,1291560,1291858,1291583,3742360,26387939,1292213
187389004,1299398,1418019,1292213,1291583,1291560,1291546,1291858,5912992,26752088,1291561
161382783,1418019,1299398,1291828,1291583,3793023,1308807,26387939,1291561,1293350,1291560
191455531,1299398,1292213,1418019,1291546,1291858,26752088,5912992,21937445,26387939,3793023
181765783,1418019,26752088,5912992,1291546,3793023,26387939,1291858,1292365,2131459,1291560
zzf0827,1418019,26752088,1291561,1291583,1308807,1291560,5912992,1900841,6786002,26387939
214753578,1418019,1291560,1291561,1291583,1308807,26387939,21937445,1292213,1299398,3793023
69506718,1418019,1292213,26752088,1299398,5912992,1291858,6786002,21937452,3793023,1291560
232982976,1418019,26752088,5912992,1299398,1292213,3793023,26387939,21937445,1291858,3742360
yiyidaddy,1291561,1291560,1291583,26752088,1299398,1292213,1308807,3793023,26387939,1293350
213655240,1418019,5912992,6786002,21937445,1308807,26387939,1929463,1296141,20495023,1291549
135360137,1418019,1291583,1292213,26752088,1299398,5912992,1291560,26387939,1291858,1291561
207499963,1418019,1292213,1291583,1299398,1291560,1291858,21937452,3793023,26752088,26387939
213669120,1299398,1292213,1418019,1291546,5912992,21937452,6786002,1291583,1291560,1900841
219478909,1418019,26752088,26387939,1291858,1929463,21937445,20495023,1291572,1900841,1291552
215518821,1291583,1291560,1308807,1929463,1889243
231246376,1418019,1291560,1291583,26752088,26387939,5912992,1308807,21937445,1291828,3793023
sosovipp,1291561,1291572,1292063,1291552,1291571,1308807,3742360,1299131,3541415,1293172
223195157,1418019,26752088,1299398,1292213,5912992,1291560,1291858,1291583,21937452,3793023
201990908,1418019,1299398,1291546,1291858,1292213,1291560,1291583,26752088,1291561,1292365
225534900,1418019,5912992,1291828,20495023,1291843,2131459,3319755,1295038,1291552,1900841
flower21,5912992,1291818,26752088,26387939,1298624,3793023,1296141,21937445,1291843,1296736
160149765,5912992,21937452,26387939,1418019,21937445,1291818,1307914,1900841,1292001,1292213
aixiaoke,1418019,1292213,26752088,1299398,5912992,21937452,1291818,1291858,1291583,1291560
114890297,26752088,1292213,5912992,1299398,1291560,1291583,1292001,2129039,2131459,1291572
151057424,26752088,1418019,1292001,6786002,1929463,1291843,1291828,1291549,1291818,21937452
150938101,26752088,1418019,5912992,21937452,1291828,1292001,21937445,1291572,1291843,20495023
148376167,1418019,26752088,1291858,1307914,3793023,3742360,1291572,21937445,3541415,1485260
132776726,1418019,26752088,1291583,1929463,5912992,1308807,1299398,1292213,21937452,1291560
158943668,1418019,26752088,1291560,1291583,1291561,1292213,1299398,1308807,1291858,1291828
164031017,1418019,26752088,1292213,1299398,1291858,3793023,21937445,6786002,5912992,20495023
123858353,1418019,1291583,1291560,1308807,21937452,1291561,1292213,1291828,6786002,5912992
159379322,26752088,1418019,3793023,26387939,21937445,1929463,1291572,1291552,1291571,1296141
158033983,26752088,1291561,5912992,1291583,1293350,21937452,1292000,1308807,1851857,1291560
lfffghjklmn,1418019,26752088,1291561,1291828,1291560,1291843,1291583,5912992,1308807,6786002
159709381,1291561,1308807,1418019,1291583,26752088,1291560,1929463,5912992,20495023,1291572
160477482,26752088,1929463,21937452,1291828,21937445,1292001,1291560,1292000,1291583,1291572
127345309,1418019,1291583,1292213,1291561,26752088,1291560,1308807,1291818,21937452,1299398
1180239,1418019,5912992,1292001,1291843,20495023,1900841,1292000,1291841,1889243,1851857
154737590,1418019,26752088,1291561,1291828,1308807,1929463,1291560,1291818,1291583,1292001
155302192,1418019,1292213,1291560,1299398,1291583,5912992,1291858,1291561,1308807,1291818
woniu2048,1418019,26752088,5912992,21937445,1291818,1307914,1291561,1308807,3793023,1291560
sarahwinner,1418019,26752088,5912992,1291828,1292001,1291818,20495023,1292052,1296736,1900841
hamturi,1292213,1299398,5912992,26752088,21937452,6786002,30170448,1291561,1291560,1900841
alcudish,1418019,1299398,26752088,1292213,1291828,21937445,26387939,5912992,21937452,1291572
curious4ever,26752088,1418019,5912992,1291561,30170448,1308807,21937452,1292001,1291818,6786002
159296242,1418019,26752088,3793023,1929463,1291818,21937445,1851857,1307914,26387939,1485260
1383312,1418019,26752088,1291583,1292213,21937452,1291560,26387939,1291858,5912992,1291561
29549673,1291583,1291560,1292213,1291561,1929463,1292001,1293350,1308807,21937452,1299398
lily5251,1291560,1291583,1291561,5912992,1308807,1291858,1295124,21937452,1293350,3541415
shishangshuo,1418019,26752088,1291818,1900841,30170448,21937445,1296736,1292063,1291843,3742360
luoxixiaozhan,1418019,5912992,1292213,1291560,1291583,1291561,1308807,1296736,1299398,1291858
52497934,1418019,1291583,1291561,26752088,1292213,1291560,1308807,1299398,21937445,26387939
maggiexu,1418019,26752088,1291561,1308807,5912992,21937452,1291560,1291583,1291828,1293172
kingkeys,1418019,26752088,1929463,21937445,1292001,1293172,1291828,26387939,5912992,1292000
55025989,1418019,26752088,1291560,1291561,1292213,1308807,1291583,1929463,1299398,1291828
Felven,26752088,1418019,1292000,1292064,1291572,1291571,1291552,30170448,25662329,2131459
44817954,1291583,5912992,1292213,1291561,21937452,1293839,1291560,1291841,1299398,1291843
linlv,5912992,26752088,30170448,1900841,25958717,21937452,1292001,1291843,1296736,25662329
3015416,1418019,26752088,1291583,1291560,26387939,1292213,1291561,3793023,1307914,21937445
3565428,1418019,1291583,1291560,1291561,1291828,1292213,1308807,26387939,1291818,5912992
syc,1418019,26387939,21937445,26752088,1291561,3793023,1293350,6786002,1308807,1929463
Kensnow,1291583,1291560,1291561,1292213,26387939,21937445,1308807,3793023,1293350,1307914
179700478,1418019,1293350,2131459,3541415,2129039,1291561,1308807,3793023,1292001,1889243
188300485,1418019,26752088,1291583,1291560,5912992,1308807,1291561,21937452,1291818,6786002
149734889,26752088,1929463,1292001,26387939,3793023,30170448,1291561,3541415,1292063,27060077
133433124,1418019,1291583,1291560,1291561,1308807,21937452,1292213,1293350,1291828,3541415
139060717,26752088,5912992,1418019,2131459,1293839,3541415,3319755,3793023,1292213,1291560
49307559,1418019,26752088,1291561,5912992,3541415,1308807,3793023,1851857,1293350,21937445
4523741,1418019,5912992,1929463,26387939,26752088,21937445,1291818,1900841,1307914,1296141
denim,1418019,26752088,5912992,1308807,2131459,1291561,20495023,30170448,1291572,6786002
zyf,26752088,5912992,1418019,1291818,1900841,21937445,1296736,1929463,1298624,1307914
littlebasin,1418019,1291583,5912992,26752088,21937452,1292213,1291560,1299398,1308807,1291561
oldtime,1418019,1291583,1291561,5912992,1292213,1308807,1291560,1900841,3541415,6786002
william23ball,1418019,5912992,1291561,1291560,26387939,26752088,1308807,1291583,1291828,1296141
213591903,1418019,1291583,5912992,21937452,1292213,1291818,1291828,26752088,6786002,1293350
141908971,1418019,1929463,1292213,21937452,1291828,1291583,26752088,1291818,1299398,1291560
242773704,1418019,26752088,5912992,1299398,1292213,6786002,1291858,20495023,1929463,1293839
211435393,5912992,21937452,26752088,30170448,1292001,1292213,1299398,1299131,3319755,1291843
220354053,1418019,1291583,1291560,21937452,1291549,1291561,1292001,1291818,1308807,1291828
hzsxd1986,1418019,1308807,5912992,26752088,1291561,1291560,1291583,30170448,1291818,6786002
231554699,1418019,1291583,5912992,21937452,1292213,1291818,1291560,1308807,1291561,1299398
234550310,26752088,1292213,6786002,1299398,5912992,21937452,1291858,1291828,1291818,1291560
155660087,1418019,1291583,1291560,1292213,1291561,21937445,1308807,26752088,2131459,21937452
196869702,1291560,26752088,1292213,5912992,1291583,1291561,1299398,3793023,1291858,21937445
231246583,1291560,1291583,1291561,1293350,1292213,1308807,1291858,1295124,26387939,1299398
230503013,26752088,1299398,1418019,1292213,5912992,1929463,26387939,1291818,1900841,1291572
231242020,1418019,1299398,1292213,1291561,5912992,1293350,21937452,1308807,1929463,1292001
206752882,1418019,1292001,1308807,1929463,1291549,1291818,1291583,1291828,1900841,1292000
175636509,26387939,1418019,1291828,1296736,1307914,3742360,1291818,21937445,1291858,1291843
211813735,1292001,21937452,1299398,1296141,1292213,21937445,1291572,1291552,1291571,1292064
227088115,1418019,1291572,1296141,1291552,1291818,21937445,2129039,1291571,1307914,1291841
205616004,26752088,21937452,26387939,21937445,1292001,5912992,1307914,2131459,1291843,25958717
195081108,1418019,1291561,1308807,5912992,1291583,1291572,1929463,1291552,1291571,1293350
213379997,1418019,26752088,21937445,21937452,5912992,1291549,1295124,1291818,1291858,1900841
224792683,1418019,26752088,21937445,1307914,26387939,1900841,1292001,3793023,1296736,3742360
218676352,1418019,1291561,1296141,2131459,2129039,26752088,3011091,1292001,21937445,1291572
223392490,1418019,1291560,1291561,21937445,3793023,1307914,1292213,1291828,26752088,26387939
218953769,1929463,1292052
weiyu001,26752088,5912992,2131459,20495023,1291841,1291572,2129039,1291552,1418019,1295038
182644877,1418019,5912992,26752088,1299398,1292213,1291858,26387939,3793023,21937445,1291560
186657023,1418019,1291583,1292213,21937452,1291560,1291561,1295124,1299398,21937445,1291549
221412023,1418019,1291583,1291560,1292213,6786002,1291818,1308807,1291549,1295124,1929463
216547774,1418019,1291561,26752088,1291583,1308807,1293350,1291560,1291572,2131459,21937452
220536325,1418019,21937452,1292213,1291828,1929463,3793023,20495023,21937445,5912992,1292001
217071542,1418019,5912992,26752088,1291561,1291828,1291560,1308807,20495023,1291583,30170448
196059851,1418019,5912992,26752088,1291828,3793023,20495023,21937452,1292213,1299398,2131459
218547740,1418019,26387939,21937445,1307914,1292001,3011091,3541415,1296736,1900841,1849031
219968392,1418019,1292213,5912992,1299398,1291858,26387939,26752088,3793023,21937445,20495023
217725132,1418019,26387939,21937445,5912992,1307914,1296736,1293839,25662329,1291841,1296141
205174745,1292213,21937452,26752088,1299398,1291858,1291560,1292001,1292064,1291583,1291572
219838957,1418019,1292213,1299398,5912992,1291858,6786002,21937452,26752088,21937445,1291560
218003360,1418019,26752088,1299398,1292213,5912992,21937452,1291828,1291858,20495023,1929463
212537225,1418019,1299398,26752088,1291583,1291560,1292213,1291561,5912992,1308807,1291858
218816746,1418019,26387939,3793023,21937445,5912992,20495023,1307914,1293839,1296141,25662329
219486747,1292213,21937452,26752088,1292001,21937445,1929463,1299398,1307914,1291858,26387939
218491214,1418019,26752088,1299398,1929463,6786002,1292213,21937452,1900841,1291828,1291858
218003518,1418019,5912992,26752088,1291583,1291560,1291828,1292213,1299398,21937452,20495023
218758308,1418019,26752088,5912992,1299398,1292213,21937452,1291828,20495023,1929463,3793023
212654418,1291560,1292213,21937452,1291583,1291561,1299398,5912992,1291858,3793023,26387939
217965075,1418019,26752088,5912992,1299398,1292213,21937452,1291828,20495023,1929463,3793023
218892091,1418019,5912992,1291560,1291583,1308807,1291561,1291828,21937452,1900841,1929463
busanmovie,1299398,1418019,1292213,1291546,1291583,1291858,1291560,5912992,21937452,1292365
163879289,1299398,1292213,1291560,1291546,21937452,1291583,1291561,3742360,5912992,26387939
156026202,1418019,5912992,26752088,26387939,3793023,1900841,21937445,1291828,20495023,1291549
162705732,1418019,1299398,1292213,1291546,26752088,1291828,1929463,1291549,21937452,1291572
155672072,1299398,1291546,1292213,1291858,26752088,3742360,26387939,21937445,21937452,1291560
156484465,1291546,1291560,26752088,3742360,1291858,3793023,26387939,1291583,5912992,20495023
luanma1977,1418019,5912992,1291828,1900841,1308807,1291561,1296736,3793023,1291818,26387939
axinlove,1418019,1299398,26752088,1291546,5912992,1292213,21937452,1291549,1291828,1296141
sunshineonlyme,1418019,1291583,1299398,1292213,5912992,26752088,1291560,21937452,1291818,3793023
179690206,1418019,1291546,26387939,26752088,3793023,21937445,1307914,3742360,1291828,20495023
150934220,1418019,1299398,1929463,26752088,1291858,3793023,21937445,1291546,1292213,1291828
Bambus,1299398,1291546,1292213,1418019,26752088,21937445,21937452,5912992,1307914,1291858
171592208,1418019,1299398,1291546,21937452,1292213,1291828,1291858,5912992,3793023,1296736
lingluo9966,5912992,1291858,26752088,3742360,3793023,26387939,1296736,1291818,21937445,1307914
150463337,1418019,5912992,1291546,1291828,1291818,26387939,1291858,1929463,1291583,1291560
131050325,1299398,1291546,5912992,1418019,1292213,1291818,1291858,1929463,1900841,1301753
70210206,1418019,21937445,3793023,1299398,1929463,26387939,1307914,3742360,1291818,1292365
62478064,1418019,1299398,1291583,1292213,5912992,21937452,26387939,26752088,1291546,1291818
57542378,1291546,1299398,1292213,1291858,26752088,1292365,1296736,3742360,26387939,1295124
185867338,1418019,1299398,1291546,1292213,1291560,1291561,1291828,1292365,1291583,26387939
161349476,1291583,1299398,1292213,21937452,1291561,1291560,1291546,5912992,1291858,26752088
124371775,1291583,1299398,1291560,1292213,5912992,26752088,1291561,1308807,1418019,1291818
80067387,1418019,1292213,1299398,1291583,1291560,1291546,1291858,1292365,1291561,5912992
163375693,26752088,1929463,1299398,3742360,3793023,1292365,1291818,1292001,1291828,1291858
funnyhc,1418019,26387939,21937445,3793023,1307914,1291546,3742360,1291828,26752088,1291858
190680901,1299398,1292213,1291546,1291858,26387939,3793023,3742360,21937445,1295124,1307914
144413576,1299398,1292213,5912992,1291546,1291858,26752088,3742360,21937445,1292365,1307914
zhong13211,1418019,1291546,5912992,1299398,26752088,1291561,1291828,1291858,3742360,1291560
2760432,1299398,1292213,1418019,21937452,1291546,5912992,26752088,26387939,21937445,1293172
206904123,1299398,1418019,1292213,1291546,1291583,1291560,1291858,1292365,26752088,1291818
149394619,1299398,1292213,1291583,1291560,21937452,1291561,26752088,21937445,5912992,1308807
178012777,1418019,1299398,1292213,1291583,1291546,1291560,5912992,26752088,21937452,1291858
232206024,1418019,1299398,1291560,1291546,1291858,1292213,1929463,3793023,3742360,1291583
A15362479501,1299398,1291546,1292213,5912992,1291858,1418019,21937452,26752088,1292365,1291560
231250368,1299398,1291546,1292213,1291858,1292365,3742360,1291560,1929463,1291828,1296736
220466935,1299398,1418019,1291546,1291858,1292365,1291828,3793023,1929463,1307914,3742360
231199925,1299398,1291546,1292213,21937452,21937445,26387939,1307914,1291858,3742360,1900841
231267599,1299398,1291546,1292213,1291858,1291560,1291583,1291561,5912992,3742360,21937452
174050671,1418019,1299398,1292213,1291583,1291560,1291546,5912992,26752088,1308807,1291561
czs918,1418019,1299398,1291546,1291560,5912992,1291583,26752088,1292213,1308807,1291561
158654370,1418019,1291583,1292213,1291560,1299398,1291561,26752088,1291858,1308807,5912992
224169758,1299398,1292213,1291583,1291546,1291561,1291560,5912992,1291858,1418019,1308807
204475724,1299398,1292213,1291546,1291858,1418019,5912992,21937452,1292365,1291828,3742360
223301093,26387939,3793023,1307914,1418019,1298624,21937445,1291572,1291552,1292063,1849031
214015624,1291583,1291560,1291561,26752088,1418019,1291858,1308807,5912992,1291818,1296736
213637926,1299398,1291546,1291858,26387939,1292213,21937445,1307914,3742360,3793023,26752088
213526529,1418019,1299398,1291546,1291583,1291561,1292213,1291858,1291560,1291828,1308807
128606457,1291546,1291858,1291828,26387939,3742360,1929463,1291572,1291552,1900841,1291571
203704864,1291583,26752088,1291560,21937452,1291561,1418019,5912992,1292001,1308807,1291843
217965166,1299398,1292213,1291560,1291546,1291583,1291858,21937452,1929463,5912992,3742360
217844129,1299398,1418019,1292213,1291546,1291583,1291858,21937452,1291560,1291828,1292365
171744065,1299398,1291560,1292213,1291583,26752088,1291561,1291858,26387939,21937445,3793023
217731975,1418019,1299398,1292213,1291583,1291560,5912992,1291561,1308807,1291546,26752088
208084153,1291546,1299398,26387939,21937445,1307914,21937452,1900841,1292365,1293172,3742360
211441280,1291546,1299398,26752088,5912992,1291858,1292213,1292001,21937445,3742360,1292365
194586191,1418019,1299398,1291546,26752088,1291583,1291858,1292213,1291560,5912992,1308807
217651139,1418019,26752088,1292365,1291546,26387939,1291858,1900841,3793023,1291818,3742360
155668421,1418019,1291583,1299398,1292213,1291560,1291546,26752088,21937452,1291561,1308807
214702976,1418019,1299398,1292213,1291546,1291583,1291560,1291858,1291561,1292365,26752088
53870764,1299398,1292213,1291546,5912992,1418019,21937452,1291858,21937445,1292000,1900841
210419862,1418019,1299398,26752088,1291546,1291858,1292213,1291828,1929463,21937445,1307914
209672197,1299398,1418019,1292213,1291546,1291583,1291858,26387939,21937452,21937445,1291560
217657636,1418019,1291583,1291561,1308807,1291560,26387939,21937445,26752088,3793023,1307914
210353143,1418019,1291583,1291560,1291858,1291546,1291828,1308807,1291561,26752088,1292365
210249597,1299398,1292213,1291583,1291560,1291546,1291858,26387939,21937445,3742360,1307914
211982132,1418019,1299398,1291546,1292213,1291858,26752088,3742360,1292365,5912992,1291560
215517880,1418019,1299398,1292213,1291546,26752088,1291858,1291560,1291583,5912992,21937452
160254768,1418019,1291583,1291560,1299398,1292213,1291561,1308807,1291546,1291858,3742360
216177861,1418019,1299398,1291560,1291546,1291858,3742360,26387939,3793023,1307914,1292213
147830596,1418019,1291583,1291560,1292213,1299398,1291561,21937452,1308807,26752088,5912992
215090535,1418019,1291546,1929463,2131459,1291572,3793023,1291552,1291571,2129039,1291818
214950862,1291561,3793023,2131459,26387939,1291572,1929463,1308807,1291552,1291571,2129039
210652225,1299398,1418019,1292213,1291546,1291858,1291560,5912992,3742360,26387939,21937452
212294775,26752088,1291546,1291858,3742360,1307914,1418019,26387939,21937445,1900841,1291572
214588640,1418019,1291546,1291560,1291583,26752088,1291858,1291828,5912992,1308807,21937452
213748429,26752088,1291561,1291546,1292365,1291858,1291818,1291560,5912992,3742360,1308807
185623502,1418019,1299398,1291546,1292213,1291560,1291583,1291858,1292365,21937452,26387939
210038014,1291546,26387939,21937445,1291858,3742360,1307914,1291560,1291583,1292365,1296736
214327961,1292213,1299398,1418019,1291858,1291546,21937452,1292365,1291560,1291583,1291828
214398505,1299398,1291546,1292213,21937452,26752088,5912992,1292365,1292001,1929463,1291858
200545977,1418019,1291546,26752088,1291858,1292365,3742360,21937445,1291828,1929463,5912992
69807491,1418019,26752088,5912992,26387939,3793023,1291546,3742360,1292365,1291828,21937445
157059193,21937445,3742360,3793023,26387939,1307914,26752088,1929463,1293172,21937452,1292001
213751204,1418019,26752088,1291561,5912992,1291546,1308807,1291858,1929463,1292001,1291818
198831335,1418019,1291561,26387939,3742360,21937445,1307914,1291560,1308807,26752088,1292001
209950074,1299398,1291546,1292213,1291858,26752088,1292365,21937445,26387939,5912992,3793023
213669474,1299398,1291546,1291560,1291858,1291583,1292213,3742360,1291561,1307914,1291828
211626619,1418019,26752088,1291858,1291546,21937452,3742360,1292365,5912992,1292001,1291828
208611718,1418019,1291546,1291828,26752088,1292365,1929463,1291843,1292001,1291549,1291572
213703287,1418019,1299398,1291546,5912992,1292213,21937452,1291828,1929463,6786002,1292365
214154457,1418019,1291546,1292365,1291858,3742360,1291828,1291560,3793023,26387939,21937445
182562188,1418019,1299398,1291546,1292213,1292365,1291828,1291818,1291858,1900841,1929463
212197739,1291546,1291560,26752088,1291858,1291583,3793023,26387939,3742360,21937445,1291561
196221170,1418019,1299398,1291546,1292213,1291858,1292365,1291828,1291549,26752088,1929463
184240608,1418019,1291828,1291546,1291561,1291560,1291583,26752088,1308807,1929463,1292365
213429986,1291546,1299398,1418019,26752088,1292213,1291858,1292365,26387939,3793023,1291828
210825882,1418019,5912992,1291546,21937452,1291818,1292365,1292001,1291828,30170448,6786002
PUXUAN,1299398,1418019,1291546,1292213,1291858,5912992,21937452,1291828,20495023,6786002
213402161,26752088,5912992,1929463,1418019,20495023,3793023,2131459,2129039,21937452,1292001
213435581,1299398,1291546,1291560,1292213,1291858,1291583,26752088,1291561,3742360,21937445
213245732,26752088,1291858,3742360,21937445,21937452,1418019,1929463,1307914,1292365,1291818
204430882,1418019,1299398,1292213,1291583,1291560,1291546,1291858,1308807,1291561,5912992
164693403,1418019,1299398,1292213,1291583,1291560,1291546,1291858,1291561,1308807,21937445
205877473,1418019,1291546,26752088,1292365,1291858,26387939,21937445,1929463,1291828,1307914
213555820,1418019,26752088,1291546,26387939,1291828,1929463,1296141,3793023,1292001,1291843
198746715,1299398,1291858,1291546,1292213,3742360,26752088,21937445,1291828,1307914,1929463
198715939,1299398,1292213,1291546,1291858,1418019,21937452,1291828,26387939,1929463,3793023
213431662,1299398,5912992,1418019,26752088,21937452,1292213,1291546,1291828,6786002,20495023
75016942,1291583,5912992,1291560,1291561,1308807,1929463,1291546,1418019,26752088,1291818
208981111,1299398,1292213,1418019,26387939,21937452,21937445,3793023,1307914,1291828,1291858
210358185,1418019,1299398,1292213,1291583,1291560,1291546,1291858,1308807,1291561,5912992
210822673,1418019,1299398,1292213,1291583,21937452,1308807,1929463,1291828,1291560,5912992
209430446,1299398,5912992,1291546,1292213,1292365,1291818,21937445,1296736,1307914,1291828
212915892,1299398,1418019,1291546,1292213,5912992,26752088,1291858,21937452,26387939,1291828
164053465,1291828,1292001,21937452,1291546,1929463,1292000,1293350,1485260,1291572,1291571
211162636,26387939,26752088,21937445,3793023,5912992,1307914,1291560,1418019,1291858,21937452
192020957,1299398,1292213,1291858,26752088,1291546,1291560,1291583,3742360,5912992,3793023
211409318,1299398,1292213,1291560,1291583,1291546,1291858,21937452,1291561,3742360,26752088
133414880,1418019,26752088,1299398,1292213,1900841,1291549,1291552,1291572,1293172,25662329
toutoulan,1418019,26752088,1291828,1291549,1929463,26387939,1291546,1291818,1292064,1296141
152911347,26752088,1418019,1292213,1291546,1291583,1299398,21937452,1291858,1291560,1291561
137065019,1418019,26752088,1291858,1291546,1292365,26387939,3793023,1291561,3742360,21937445
134486661,1418019,1299398,1292213,1291546,1291560,1291561,1291583,6786002,1308807,1291858
96419654,1291546,1418019,1292213,26752088,1299398,1291858,26387939,3742360,21937452,21937445
172350963,26752088,1418019,1291858,1293350,1291828,1291818,1485260,1292365,1929463,2129039
156485737,26752088,1291546,3742360,26387939,21937445,1291858,1292001,5912992,3793023,1307914
67100023,1299398,1292213,1418019,1291546,1291858,1291583,3742360,1291560,26387939,1291561
131607035,1292213,1291546,26752088,1299398,1291583,1291858,1291560,21937452,1291561,26387939
59926004,1418019,26752088,1291561,1308807,6786002,1291828,5912992,1291583,1293839,1929463
1730271,1418019,1299398,1292213,1291560,1291546,1291583,1308807,1291561,26752088,1291858
73075708,1291583,1299398,1292213,26752088,1291560,1418019,21937452,5912992,1291561,1308807
yuliamelody,1299398,1418019,1292213,1291546,1291560,1291583,1291858,26387939,26752088,21937445
wzcjojo,1418019,26752088,1292213,1291583,1299398,21937452,1291546,26387939,1291560,1293172
196760952,1418019,26752088,1291546,1299398,26387939,3742360,1291560,1291561,1291583,1292001
127772202,1418019,1291546,1299398,1929463,20495023,1296141,3793023,1291828,1298624,21937445
1475768,1291546,26752088,1291858,26387939,1299398,3742360,21937445,1307914,1292365,1292213
hahaguai,1418019,26752088,1299398,1291560,1292213,1291583,1291546,1291561,1291858,1291818
shenjiake,26387939,21937445,1307914,26752088,1291546,3742360,3793023,1292001,1296141,1291572
2688491,1418019,1299398,1292213,1291583,1291560,1291546,26752088,1291561,1308807,1291858
blackljx,1418019,1299398,1292213,1291583,1291560,1291561,1308807,26752088,1291858,6786002
131712637,1299398,26752088,1291560,1291546,1292213,1291561,1291583,1308807,1291858,5912992
77322988,1418019,26752088,1291561,1291560,3793023,1299398,21937445,1292365,3742360,1929463
82052257,1418019,1299398,1292213,1291583,1291560,1291546,1291561,1291858,1308807,21937452
61790652,1291546,1299398,26752088,1418019,1291858,1292213,1292365,26387939,1291828,21937445
3067905,1418019,1291546,26387939,21937445,1299398,1307914,1293172,1296141,1291828,3793023
213650235,1418019,1299398,1291546,1291583,1292213,1291560,1293350,1929463,1291858,1291561
211855712,1418019,1291583,1292365,1291560,1291858,1291546,5912992,1291828,1291561,1308807
212187753,1299398,1292213,1291560,1291583,5912992,1929463,21937452,1293350,1291818,1291572
129292147,26752088,1418019,26387939,3793023,21937445,1307914,2131459,1291561,3742360,1291843
204980204,1299398,1292213,1418019,21937452,6786002,1291858,26752088,1291828,1293839,1291583
119203637,26752088,1299398,1291858,1292213,1291546,1929463,1291828,1292365,21937445,3793023
vayet,1418019,1291546,1291560,1291583,1291828,1292365,6786002,1308807,1291561,1293350
222418006,1418019,1299398,1291546,1292213,1291858,1291560,1291583,1291561,1295124,1308807
212438557,26752088,1418019,2131459,1293350,20495023,1291828,1296141,1292064,3793023,1291572
183581123,1418019,1299398,1292213,1291583,1291560,1291546,1291858,1292365,3742360,21937445
208828704,1291546,1299398,1291561,26752088,1291560,1291858,1308807,1418019,1292213,5912992
217901679,1418019,1299398,1292213,26752088,1291546,1929463,1292365,5912992,1291858,1291818
217071681,1299398,1292213,1291560,1291583,1291546,1291561,1291858,21937452,1292001,3541415
203214028,1299398,1292213,1291583,1291560,26752088,1291546,1291561,1291858,1291818,1308807
138037182,1291561,1291560,26752088,1299398,1308807,1291858,1418019,1291583,1292213,1291546
204327198,1418019,26752088,1291546,1299398,1293350,1292365,1291858,1292213,1291818,1291828
144210888,26752088,1418019,1299398,5912992,1292001,2131459,1293350,1929463,6786002,1292000
211872457,1418019,26752088,1291561,1929463,1291572,2131459,1308807,1291858,27060077,1291571
213606645,1299398,1292213,1291583,1291560,26752088,1291546,1291858,1291561,21937452,1292365
196129364,1418019,1299398,1291560,26752088,1292213,1291561,1291583,1291546,1308807,1291858
wang585874,1292213,1291858,21937452,1299398,1929463,3793023,3541415,21937445,3742360,1292001
204072840,1418019,26752088,1291561,26387939,21937445,3742360,1308807,1291858,1307914,1291828
213753551,1418019,26752088,1299398,1291560,1292213,1291583,1291561,1308807,21937452,21937445
204144774,26752088,1291546,1299398,1291858,1292213,1292365,21937445,3793023,26387939,1292064
198728814,1418019,1291561,1308807,1291560,1291583,1291828,1291818,21937445,6786002,26387939
213441558,26752088,1929463,1291546,1291818,1293350,1418019,5912992,1485260,1292365,21937445
203564737,1418019,26752088,26387939,1929463,1291818,1291828,21937445,1485260,1293350,1307914
204301968,1418019,26752088,1291546,1299398,1929463,1292001,6786002,1291828,1292064,1293350
205876951,1299398,1292213,1291546,1418019,26752088,1291858,1292365,6786002,21937452,1291828
212857368,1418019,5912992,1291546,21937452,1292001,1900841,1929463,21937445,1293350,1291858
213802341,1299398,1292213,1418019,1291546,26752088,1291858,6786002,1292365,1291560,1291583
201743992,1418019,26752088,1291560,1291583,1291561,1291858,1308807,1292365,1291549,1291546
211525191,1418019,1299398,1292213,1291546,1291560,1291858,1291583,26752088,1292365,6786002
211529377,1418019,1299398,1291546,1292213,26752088,1291858,1291561,1291560,3742360,1308807
212143584,1418019,26752088,1299398,1292213,1291858,1291546,1292365,1929463,1291560,1291828
210243185,1418019,1299398,1291583,1292213,21937452,1291546,5912992,1291561,6786002,1308807
thatismejovi,1418019,1291561,26752088,1308807,1291583,1291560,1299398,5912992,1291858,1292213
198373048,1299398,1292213,1291546,1418019,1291858,6786002,1291828,1292365,26387939,26752088
211211925,26752088,1418019,21937445,1307914,1929463,26387939,3793023,1292001,3742360,1485260
167378326,1291546,1291561,1929463,1292001,25662329,1292052,1299131,1292720,1889243,1307914
209904980,1291546,1292001,1929463,3541415,3793023,1292052,3319755,1889243,1292722,1292720
201244034,26752088,1418019,1929463,1292001,1291843,1291572,1291546,1900841,1291828,1291571
202729066,1418019,1291546,1299398,1291560,1291583,1291858,26752088,1292213,6786002,2131459
192956454,1299398,1418019,1292213,1291546,1291583,1291858,1291561,1291560,26752088,1292365
182984803,1299398,1291546,21937452,1292213,1292001,1292365,3541415,1291572,1485260,1291571
179863588,1418019,26752088,1291560,1291561,1291858,1299398,1308807,1292213,3742360,1291583
198004695,26752088,1291546,1292001,1418019,1929463,1291843,1292365,3319755,20495023,1485260
203745719,26752088,1291546,1299398,1292001,1929463,2129039,20495023,2131459,1292064,3319755
60744454,1418019,1299398,1291546,1292213,1291560,1291561,1291858,1291583,26752088,1292365
141946002,1418019,26752088,1291561,1299398,1308807,6786002,5912992,2131459,1291560,2129039
131704998,1418019,26752088,1299398,1291561,1291560,1308807,1292213,2129039,2131459,1291828
moonwalk727,1418019,26752088,1291561,3793023,3742360,21937445,1307914,3541415,1308807,1929463
188898214,1418019,1291560,1291561,1291858,1308807,1292365,1291583,1292001,1291828,1291549
200455403,1418019,1299398,1291546,1291560,1291583,1291561,26752088,1292213,5912992,6786002
54382756,26752088,1291546,1291561,1292001,1929463,3541415,20495023,3319755,2131459,27060077
182095100,1418019,1291561,1291560,1299398,1308807,26752088,1291583,1291546,1292213,1291828
173444140,1291561,1299398,26752088,1291546,1291560,1292213,1291583,1291858,3541415,1308807
178155887,1291561,1308807,1291560,1418019,1293350,1292001,1929463,3541415,1291843,1889243
193605852,26752088,1291546,2129039,1299398,1291572,3541415,1293350,1485260,1292064,1291552
174279828,1418019,1299398,1291546,26752088,1292213,1292365,1291858,1291583,1291560,5912992
Yogurticecream,1418019,26752088,1299398,1291546,1292365,1291858,1292213,1291560,1308807,1291583
GayScript,26752088,1299398,1291546,1291560,1291561,1292213,1291858,1291583,1292365,1308807
130451028,26752088,1299398,1292213,1291546,5912992,1418019,2129039,1292064,1929463,1291841
165300053,26752088,1299398,5912992,26387939,3793023,1291546,21937445,1292213,1418019,1292064
dreammakers,1291546,26752088,1418019,1292365,1291858,5912992,1299398,26387939,1292213,3793023
159633375,1418019,26752088,1291561,1308807,5912992,21937452,6786002,1291583,1291828,1299398
zappyahwe,1299398,1418019,1292213,1291546,1291583,5912992,21937452,1291560,1292365,1291858
133196182,26752088,1299398,1291546,1291561,1292213,5912992,1929463,26387939,21937445,1292365
yyh,1418019,26752088,1291583,1291561,1299398,6786002,1308807,1292213,1291560,5912992
alinawei,26752088,5912992,1418019,2129039,1291572,2131459,1291552,27060077,1485260,1291571
157129341,1418019,1291546,1291561,1299398,26752088,1291583,1291560,1292213,5912992,1291858
142389110,26752088,1292365,1291546,26387939,3742360,1292064,25662329,1307914,1291572,1291552
140526517,1299398,1418019,26752088,1292213,1291546,5912992,1291560,1291561,21937452,6786002
151004052,1418019,26752088,5912992,26387939,3793023,1291561,21937445,30170448,1292000,1900841
Comel.Dyx,1291546,26752088,1299398,1292365,1291858,5912992,1292213,3742360,26387939,3793023
40174273,1418019,1291561,26752088,1291583,1308807,1291560,30170448,21937452,5912992,1292000
54443287,1418019,1291561,1291560,1291583,26752088,1299398,30170448,1291546,5912992,1900841
203425198,1418019,26752088,1299398,5912992,1291560,1291561,1291583,1291546,1292213,1308807
hzyl,1418019,1299398,1292213,1291583,1291546,1291561,1291560,1291858,26387939,1308807
2854129,1299398,1418019,1292213,1291583,1291546,26752088,1291560,5912992,1291858,1292365
seivm,1418019,1292213,1291583,1291560,1299398,26752088,1291546,5912992,1291561,21937452
shawtonli,1418019,26752088,1299398,1292213,1291546,1291560,1291561,30170448,1293172,1292064
130364449,1299398,1418019,1292213,26752088,1291546,1291583,5912992,1291858,1291560,1292365
219273910,1418019,1308807,1291561,1291560,1291818,1291583,1291828,1929463,1900841,1291546
231894380,1418019,1291546,1299398,5912992,1292365,1292213,21937452,26752088,6786002,1291858
231246831,1291546,1418019,1299398,1291858,1292365,26752088,26387939,3742360,1291828,3793023
226843686,1299398,1292213,1291560,1291583,1291561,1291858,21937452,20495023,1295038,1291843
183223186,1418019,1291560,1291583,1292213,1299398,1291561,1308807,1291858,6786002,1929463
223890693,1418019,1299398,1291561,1291560,1308807,2129039,5912992,25662329,3319755,1291828
207350969,1418019,1291561,1291546,1292365,1291858,1308807,1291828,25662329,1291841,1291549
219069672,1299398,1292213,1291546,5912992,1418019,1292365,21937452,6786002,1293839,1291828
217399385,1418019,5912992,1291561,1291546,1292365,1291583,1308807,1291828,1291560,1291858
215130417,1299398,1291546,26752088,1418019,1292365,1292213,5912992,1291858,21937452,1291549
187324685,1418019,1299398,1291561,1291546,1308807,1291560,1291828,1291583,1929463,1291843
155814423,1299398,1292213,1291546,1291583,1291560,1291858,1292365,1291561,21937452,1308807
216101108,1418019,1299398,1292213,1291546,26752088,1291583,1291858,1291560,1292365,1291561
210814870,1291546,1418019,2131459,1299398,2129039,1291552,1296141,1291572,25958717,1295038
152145617,1299398,1291546,26752088,1292213,1292365,5912992,1291858,2129039,2131459,1292001
214222850,1418019,1291546,1299398,1292365,26752088,5912992,1291828,6786002,1291549,1292213
200973588,1418019,1291583,1291561,26752088,1291560,1308807,1291546,5912992,1291818,21937452
199066319,26752088,1291546,1418019,5912992,1292365,1299398,6786002,1291549,1291843,1291858
197935709,1291546,1299398,5912992,1292213,1291858,21937445,1292001,1292365,21937452,3742360
213772806,1418019,1291560,26752088,1291561,5912992,1291858,1308807,1291583,1291818,1929463
213447596,1418019,1299398,1292213,1291858,1291546,1292365,1291560,3742360,21937445,1291818
194929094,1418019,26752088,1291546,1292365,1291858,1291549,1291828,5912992,3742360,1292001
185603391,1418019,1292365,26752088,1291828,1291549,1291858,1293172,3742360,2129039,21937445
213367396,1418019,26752088,1291561,1292365,1291546,1291828,1291583,1308807,1291858,1291560
213373362,5912992,1291546,1291560,26752088,1291583,1292365,1291561,1291858,1308807,21937452
201022247,26752088,5912992,1291546,1929463,1291841,1292365,1291572,1299131,2129039,1292064
212927584,1418019,26752088,5912992,1291546,1291858,1292365,6786002,21937452,1291560,30170448
172364521,1418019,1291560,1291583,1292213,1299398,1291561,26752088,3742360,1308807,1291858
209426369,1418019,26752088,1291546,1292365,5912992,6786002,1291549,1291828,1291818,2129039
210387441,1418019,5912992,1291561,1295038,3793023,25958717,26387939,1308807,3742360,1291843
211423261,1418019,1291583,26752088,1291560,1291561,21937452,5912992,1291546,1308807,1292365
178411863,1299398,1292213,1291546,26752088,1291583,21937452,1291560,5912992,1291858,1292365
211409209,1291546,26752088,1292365,1900841,1292001,1291858,5912992,30170448,1291818,1291828
207242896,1418019,1299398,1291546,1292213,1291560,1291858,1291583,1292365,1291561,3742360
79432900,1418019,1299398,1291583,5912992,1291561,1291560,1292213,1308807,6786002,3793023
73725863,26752088,1299398,5912992,3793023,1418019,21937445,1292213,26387939,3319755,3541415
204242726,1418019,1299398,26752088,1291560,1292213,1291583,1291561,1291858,1308807,1291828
190697707,1418019,26752088,1291561,5912992,1291560,1308807,1291583,1291818,1291828,1292365
139702794,1299398,1292213,1291546,1291858,3742360,26387939,1292365,21937452,21937445,1291560
193347774,1418019,26752088,1291583,1299398,1291560,1291561,1308807,5912992,1292213,1291546
crow.,1418019,1291828,1291546,1291560,1900841,3742360,1293350,1291561,3541415,26387939
173316962,1418019,1291546,1299398,26752088,1291858,1292213,1291828,1292365,26387939,1296141
3266143,26752088,1291546,1292213,1299398,1291858,1293350,3793023,26387939,1292365,5912992
1065322,26752088,1291546,5912992,1291843,1900841,1296736,3011091,3319755,1292001,26387939
49057955,1418019,1291546,3742360,3793023,26387939,26752088,1291858,1291561,1291818,21937445
3658150,1418019,26752088,2131459,3793023,26387939,1296141,1291572,1293172,1291571,1291552
OldCatMiMiMi,1299398,1291546,5912992,1418019,1292213,1929463,1291818,1296736,1292365,1301753
213787079,1299398,1291560,1291546,1929463,1291561,1291583,1292213,3541415,1293350,26752088
209845402,1418019,1299398,1292213,1291583,1291546,1291828,1291560,1295124,21937452,1293350
2087840,1418019,1291546,1299398,1291858,1292365,1291583,1291560,1292213,1291828,1292001
172638330,1299398,1292213,1291583,26752088,1291560,1291546,5912992,21937452,1291858,1291561
luoye0729,1418019,1291583,1291560,1292365,1299398,1292213,1291561,26752088,1308807,1929463
yican,1418019,1291583,1292213,1299398,1291560,1291546,1291561,1291858,1308807,5912992
zhuguli0613,1418019,1299398,1292213,1291583,26752088,5912992,6786002,1291560,1291561,1308807
172546009,1418019,1291818,21937445,1299398,1929463,5912992,26387939,3793023,3742360,30170448
48259803,1418019,26752088,1291583,1291818,1299398,1292213,1308807,1291828,1291560,1929463
jackchen,1299398,5912992,26752088,1292213,21937445,26387939,1291818,3793023,1929463,1296736
121624490,1291546,1418019,1299398,1292365,21937452,1929463,1291828,26387939,1292213,26752088
enchanter2008,1418019,26752088,1291546,1299398,1291560,1308807,1291561,1291583,1292000,1292001
gacktayu,1418019,26752088,1291546,1299398,1292365,1291858,1293350,30170448,1291828,3793023
70011894,1418019,5912992,1291828,1293350,1929463,6786002,1900841,3541415,1851857,1292001
lianlian725,1418019,1299398,26752088,1292213,1291583,5912992,21937452,6786002,1308807,1291560
babadebaba,1299398,1292213,1291546,1291560,1291583,1291858,21937452,1293350,1291561,26752088
frolasue,1418019,1299398,1292213,26752088,1291583,5912992,6786002,1291560,1291561,1308807
61860009,1418019,1299398,26752088,1292365,1293350,1291546,1929463,1291828,1292213,21937445
229336425,26752088,1291546,1291858,5912992,3319755,3742360,2131459,1292365,25662329,1296141
74976525,1418019,1291583,1291560,26752088,1292213,1299398,1291858,5912992,1291561,1308807
144958845,1418019,1291583,26752088,1291560,1292213,1299398,1291561,1308807,1929463,1851857
201139919,1299398,1418019,1292213,1291546,26752088,1291583,1292365,1291560,6786002,1291858
219105931,1299398,26752088,1291546,1291560,1292213,1291583,1291561,1291858,1291818,1292365
215047991,1418019,1929463,1293350,3541415,1291572,1485260,1889243,1292000,2129039,1291571
200546780,1418019,1291546,26752088,1299398,1292365,1291828,1291560,1291858,1292213,1291561
213981695,1418019,26752088,5912992,26387939,1291828,1291843,1296736,1291818,3742360,1291572
158536875,1418019,1291560,1291858,1291583,1292213,1299398,1291818,1929463,26752088,1291828
201817950,26752088,1292365,5912992,1291546,1291828,3793023,1296141,2129039,1929463,1291858
209951411,5912992,1291828,1418019,1292001,6786002,1292052,1292000,1291843,3319755,1929463
207132612,1299398,1292213,1418019,1291546,1291583,5912992,1291858,1291560,21937452,1292365
85520744,1418019,26752088,5912992,1291560,1929463,1299398,1293350,1301753,1291843,1291828
174489375,26752088,5912992,1299398,1291546,1291561,1929463,1291560,1291828,1308807,1900841
144348684,1418019,1292213,1291583,1299398,1291560,26752088,5912992,1291546,21937452,1308807
177397572,5912992,1293350,1418019,26752088,1292001,3541415,1485260,1291572,1889243,1929463
xysjou,1299398,1418019,1292213,1291546,26752088,1291583,5912992,1291560,1291858,1291818
68499704,1299398,1418019,1292213,1291546,1291560,21937452,1291583,6786002,1291858,5912992
143119661,1299398,1291546,1292213,26752088,1291560,1291858,1418019,1291583,1291561,3742360
62567250,1418019,1299398,1291583,1291546,26752088,1291560,1292365,1292213,21937452,6786002
175172401,1299398,1292213,1291546,26752088,1418019,5912992,21937452,6786002,1929463,1292365
196088990,5912992,26752088,1292001,1929463,1291561,3319755,1291843,1291546,20495023,1485260
205053104,1418019,1292213,1299398,1291583,26752088,5912992,1291560,1308807,1291561,1291828
2635787,1299398,1418019,1292213,1291546,26752088,1291583,1291560,1292365,1291818,1291858
78917503,26752088,1292001,1291843,1929463,1291572,1291552,1291571,1293172,1485260,1291818
190389629,1418019,1299398,1291546,26752088,1291560,1292213,1291858,1291583,1292365,1291561
pankamen,1418019,1291560,1291583,1293350,26752088,1929463,1308807,3541415,1889243,1291561
157489119,1418019,26752088,1291560,1291583,1291561,1308807,21937452,1292001,1295124,1291828
193407407,1418019,26752088,1299398,1291583,5912992,1292213,1291560,1291561,1291546,21937452
176480721,1418019,1291828,1291818,1293350,1291843,1292365,1929463,1889243,1292001,1292052
160227355,1291546,1299398,1291560,26752088,3742360,1291858,1291561,1292001,1292365,3541415
78806633,26387939,21937445,3793023,1307914,2131459,1291546,25958717,1291572,1292064,1291552
MovieL,1418019,5912992,1291818,1296736,1291549,26387939,1300267,1293172,1291841,1291828
79942000,1291546,26752088,1299398,1292365,26387939,1418019,21937445,1307914,1291818,1296141
148357224,26752088,5912992,1292365,1418019,1291818,1291546,1292001,1291549,1929463,1291843
156398715,1299398,26752088,5912992,1900841,1929463,1292001,1292000,21937445,1291843,26387939
165216120,1418019,1291828,1291549,1485260,26752088,21937445,1929463,1292063,1900841,1298624
137481219,26752088,21937445,26387939,1296141,1292000,1291546,1307914,1291572,1293172,1291841
woodhead927,1299398,1418019,1292213,1291549,1291818,1292001,26387939,5912992,1900841,1291546
ozawa,1291546,1296736,1296141,26387939,1300267,1291552,2129039,1291841,3319755,1291572
159472534,1291546,26387939,21937445,1307914,1292001,1293172,1298624,1900841,1299398,1418019
dancylon,26752088,1291546,5912992,1292365,1929463,1296736,1900841,1292001,1291843,1291549
25575565,1291546,1299398,1418019,26387939,1292365,26752088,21937445,1307914,1292001,1900841
65390413,26752088,5912992,1292001,1900841,1292000,1291843,1292052,1291548,1292064,2129039
gzwyloveu,5912992,1418019,26387939,21937445,1291818,1307914,1296736,1298624,3011091,3742360
clytze09,1291546,1292365,1299398,26752088,1291858,1292213,26387939,5912992,1900841,21937445
182550595,26752088,1291546,1418019,1299398,1292365,3742360,1292001,26387939,1929463,5912992
104058352,26387939,21937445,1307914,1418019,3742360,1291828,1291843,1292001,1293172,3011091
readmovie,5912992,26752088,3793023,1299398,21937445,1291572,1291571,1291552,2131459,26387939
76847839,26752088,1418019,1291858,1292213,1291546,1292365,1299398,3742360,5912992,21937452
aa121212,1299398,1292213,1418019,1291546,26752088,5912992,21937452,1291858,1292365,1291560
34061367,1291546,26752088,1291858,1292365,1292213,5912992,1418019,3742360,26387939,21937452
3825433,26752088,1292213,1418019,1299398,21937452,1293350,5912992,26387939,1291858,3793023
xiaoxyinzzi521,26752088,1291546,26387939,1292365,21937445,1307914,1293172,3793023,3011091,1298624
207606558,1299398,1291546,1292213,1291858,1292365,21937452,1291818,26752088,26387939,3742360
71468865,1299398,1292213,1291546,5912992,1418019,1291858,26752088,1293839,1296736,30170448
160364293,26752088,26387939,1299398,3793023,27060077,1293350,1929463,1851857,3541415,1291572
56274081,1418019,1291818,1929463,26752088,21937445,1293172,5912992,1292365,26387939,1291828
chairmannirvana,26752088,1291546,26387939,1292001,3793023,30170448,3742360,1292063,1295124,1293172
3872704,26752088,26387939,5912992,21937445,1291546,1307914,1293172,1292001,1296736,3319755
2482582,26752088,1418019,1292213,1299398,1293350,1293172,26387939,1291828,3793023,1295124
1692741,26752088,1291546,1299398,1418019,5912992,1292365,21937452,6786002,1293350,1292213
2197048,1299398,1291546,1292213,1292365,21937452,1291858,3742360,1295124,5912992,1291818
Adammr,1418019,1291546,1291818,21937445,1291549,1900841,1929463,1291828,1292063,1296736
141284024,1291546,26752088,1299398,1418019,1292365,5912992,21937452,26387939,1292213,1291549
233641179,26752088,1291546,1292365,1299398,1292001,21937445,1292064,1292000,1291572,1296736
228896536,1291546,5912992,1299398,1296736,1929463,1900841,21937452,1292000,1292365,21937445
youyongyu,1418019,1292213,5912992,21937452,1299398,26387939,1293172,1296736,1291828,1900841
200399310,26752088,2131459,2129039,1292001,1292000,1292064,1291572,1291552,1418019,1291571
227233683,1291546,1299398,1292365,1292213,21937445,1291818,1296736,5912992,1291858,1291549
210386911,26387939,21937445,1307914,1291843,1292001,1298624,1849031,1291572,3011091,1293172
138928695,1418019,26752088,5912992,1292365,1291546,26387939,21937445,21937452,1291858,30170448
221283199,26752088,1291546,1299398,1291858,1418019,1291828,1292365,1296736,1293172,27060077
221272739,1418019,26752088,1291546,1299398,1291858,1291828,1292365,30170448,1293172,1295124
220570667,1291546,1299398,1418019,26387939,1292365,21937445,1307914,1291549,1292213,1293172
217865305,1299398,1292213,1291546,1418019,26752088,1291858,26387939,21937445,1291818,1307914
217619481,1299398,1292213,1293350,1485260,1305487,2129039,1291841,1291572,21937445,1299131
143683381,26752088,1291546,1418019,1292365,1291828,2131459,1299398,1295124,2129039,25662329
yibo970805Wang,1299398,26752088,1418019,1292213,1291828,1929463,1291549,1292001,5912992,1291572
210377014,1291546,1292365,1299398,1296736,21937445,1291572,3011091,1291552,1307914,1291571
78772729,1299398,1418019,1292213,1295124,26387939,1291818,1291549,21937445,1296736,1291546
204050889,26752088,21937452,1900841,1293172,21937445,26387939,1291828,1292001,1296736,1291549
katrinely,26752088,1291546,1299398,1292365,1418019,21937452,1291549,1900841,1929463,1292213
209290490,1299398,1418019,1291546,1292213,26752088,1292365,1291818,5912992,21937452,1291858
180656035,1291546,1299398,1292365,1418019,1291818,1292213,26387939,1296736,21937445,1929463
212470439,1299398,1291546,1292213,1292365,1291858,21937452,26752088,1291818,26387939,1900841
210344850,1299398,1292213,1418019,1291546,1291858,26752088,26387939,3742360,1900841,21937445
qsxiao,26387939,3793023,1418019,1291546,21937445,1307914,3011091,2129039,1291572,1291552
jimg2013,1418019,26752088,1291561,5912992,1308807,1929463,1291546,1292064,3319755,27060077
156328625,26387939,21937445,3742360,1307914,1291546,3793023,1298624,26752088,1291818,3011091
zhoubin5371,1418019,26752088,5912992,1299398,26387939,3793023,2131459,1296141,1308807,1300267
eric_iiw,1418019,1291546,1299398,1291561,1308807,21937445,3742360,1291560,26387939,1307914
kymj,1418019,1299398,1291546,26752088,1291583,1291560,1292213,1308807,1291858,1291561
virgil51463,1418019,26752088,1299398,1308807,1291583,1291561,1292213,1291560,1291546,1291818
58254875,1418019,26752088,5912992,1291583,1291561,1308807,1299398,1291560,1929463,1291818
69364200,1418019,26752088,3742360,21937445,1307914,1291560,1291858,26387939,1291561,3541415
lovemimidog,1418019,26752088,1291546,1291560,1291561,1299398,30170448,1291583,1292365,1308807
59923443,1418019,26752088,1291561,1308807,1929463,3742360,21937445,1291818,1291560,27060077
LauFun,1418019,1291561,26752088,5912992,30170448,3742360,1308807,1299398,1291546,21937445
miga1119,1418019,1291546,1299398,26752088,1292365,21937445,26387939,5912992,1307914,1291828
189430721,1418019,1291561,1299398,1308807,1291560,1291583,26752088,1291546,1291828,1292213
185426441,1418019,26752088,1291546,1299398,5912992,1292213,1308807,1291560,1291858,26387939
213594619,1418019,26752088,26387939,1291561,2131459,21937445,1929463,1308807,2129039,1296141
161249755,1418019,1291546,1299398,1291561,1308807,1291583,1291560,1291828,1292213,26387939
223962960,1418019,1291546,1299398,1291552,1291572,26752088,1291571,21937445,1307914,1296736
154489523,1418019,26752088,1291546,1299398,1308807,1291583,1291560,1291858,21937445,1292365
51828492,1418019,1291546,5912992,1299398,1308807,3742360,26387939,26752088,1291561,1929463
131604140,1418019,26752088,1291561,1308807,5912992,1291583,6786002,1299398,1292001,30170448
218897267,1418019,1291546,26387939,21937445,1307914,1292001,1291843,1929463,1298624,1849031
210913183,1418019,1291561,5912992,1292001,30170448,1291549,1308807,1291841,1291828,1296736
210346283,1418019,1291561,1308807,5912992,30170448,1293350,1291818,1292001,20495023,1291583
213554612,1291546,1299398,1291560,3742360,1291858,1292001,1291561,1291572,1292064,1291552
212524723,26752088,1291546,1299398,1291560,3742360,1291561,1291858,1292001,1292064,1929463
155809865,1418019,26752088,1299398,5912992,1291546,1292213,1291583,1291561,1291560,1308807
208058417,26752088,1291546,5912992,1299398,2131459,1293839,1296141,2129039,20495023,1291828
188469627,1291546,1299398,1291561,26752088,21937445,1291583,1307914,27060077,1292000,1292213
200720874,1291546,26752088,1299398,1292365,3742360,26387939,1418019,1291858,1307914,1291549
157035750,26752088,1418019,1291546,1291561,1299398,1308807,2131459,1291858,30170448,1292064
realchenglong,1418019,1291546,1299398,1291561,26752088,1291560,1308807,1291583,1292213,3742360
160414568,1418019,1291546,1299398,26752088,26387939,21937445,3742360,1291549,1296141,1292365
175479447,1418019,26752088,1291546,1299398,5912992,1291560,3742360,1291858,1291561,3793023
197148974,1299398,1291546,5912992,1291561,3793023,1308807,1291583,1291858,20495023,21937445
bamboo1988,26752088,1299398,1418019,1292213,1291546,1929463,1291818,1291561,1308807,1293350
137403620,1418019,1299398,3793023,3541415,3742360,1851857,2129039,1306029,21937445,1292000
195200367,26752088,1299398,1291561,1291560,1292213,1291583,1308807,5912992,1291546,1293350
147853842,1418019,26752088,1291561,1308807,1929463,1291828,1291583,1291572,1295038,1291560
144595942,26752088,5912992,2129039,2131459,3793023,1291572,1291552,1851857,1291571,20495023
169887088,26752088,1299398,1291560,1291561,1292001,5912992,1292064,1929463,1293350,1308807
186812459,26752088,1291572,21937445,3541415,1291571,27060077,1851857,26387939,1291552,1291546
162734853,5912992,1291561,26752088,1308807,1929463,1291560,1291583,30170448,1293172,1299131
153010316,1418019,26752088,1299398,1291546,1291583,1291560,1292213,1291561,1308807,1292365
172630495,1418019,26752088,1291561,1299398,1308807,1292064,3541415,1291546,1851857,1291583
160749160,1418019,26752088,1291561,1308807,1929463,1299398,1291828,1293350,1291583,1292001
177435408,1418019,1299398,1291560,26752088,1291561,1291583,1292213,1308807,5912992,1291828
ksl1111,26752088,3541415,27060077,2129039,1291572,1929463,3742360,1291858,5912992,1299131
167147649,26752088,1291546,3742360,1291858,1292064,1291572,1296141,1292001,1291552,1291571
Alice2063,1418019,26752088,1308807,1929463,1291561,3793023,1291828,1292000,1293172,30170448
156793486,1299398,1291546,1291560,1291561,1291583,1308807,1292213,1929463,1292001,1291858
101696292,1418019,26752088,1291561,1299398,1308807,1291560,1291546,1291583,5912992,1291818
170184233,1418019,26752088,5912992,1299398,1292365,1291546,1929463,1291828,1292001,1292000
175185814,26752088,5912992,1291843,30170448,1292001,3319755,1292064,1291841,1418019,1292000
178649295,26752088,1291560,1291561,1292001,30170448,1929463,1292063,26387939,1291546,21937452
173319819,26752088,1291560,1292001,30170448,1291546,1929463,1291561,21937452,1292063,3319755
136962274,26752088,1291560,1291561,30170448,1291583,3541415,1929463,1292001,1292063,1851857
154777689,1418019,1291546,1929463,1299398,1292001,26752088,1292365,1291828,1291843,1900841
151610464,1418019,26752088,1291561,1308807,1929463,27060077,3541415,1851857,1291828,1889243
84164792,1418019,26752088,1291561,1308807,5912992,1299398,1292000,30170448,2131459,1292001
137435730,26752088,1292001,3541415,3319755,1929463,5912992,27060077,1851857,1291843,1291572
RealOrRich,1291546,1291561,1292001,1929463,3541415,1292063,3319755,1292052,1292722,1889243
JoelGia,1418019,26752088,1291546,1291561,5912992,1308807,1299398,1291560,1291583,1292064
169206942,26752088,5912992,1291561,1292064,1299398,20495023,3319755,1295038,1299131,2129039
edileesky,1291546,5912992,1299398,26752088,26387939,21937445,1307914,3742360,1292001,1291843
156044992,1418019,26752088,1291561,1308807,1929463,1291560,1291583,1291828,1292001,1299398
159702506,1418019,1291546,1299398,26752088,1291561,1308807,1291560,1292000,1292365,3541415
F-fei,1418019,26752088,1291561,1308807,5912992,1291583,1291560,1299398,21937452,1291818
158394651,26752088,5912992,1292001,1929463,3319755,1292064,1291843,30170448,1291572,1291571
164192622,1418019,26752088,1291561,1308807,1291560,1291583,1299398,1292213,1291546,3742360
105015673,26752088,1299398,1291561,1291560,1308807,1292213,5912992,1291583,30170448,1292001
141861104,1418019,1291546,1299398,1291561,1291560,3742360,1308807,1291828,1291858,26387939
pfyys,1418019,26752088,1291546,1299398,5912992,1308807,1292365,1291560,1291561,3742360
CyberKnight,1418019,1291546,1292213,1291583,1291858,1299398,1292365,26387939,1291560,21937445
antijameslee,1418019,26752088,1299398,1292213,1291583,1291546,26387939,1291560,5912992,1296736
zhe123_1,1418019,26752088,1299398,1291583,1292213,1308807,1291818,1291549,1292064,1291828
jianjian8888,1418019,1299398,1292213,1291583,21937452,1291546,1291560,26752088,1308807,1291818
baibo,26752088,5912992,1292064,1291841,20495023,1299131,1291571,1296736,3793023,1291548
Sable,1418019,26752088,1292213,1291583,5912992,1299398,30170448,1293172,1291549,1291546
waking,1299398,1418019,1292213,1291546,26752088,1291583,1292365,1291858,5912992,21937452
bearbig,1418019,1291546,1292213,1291583,1299398,21937452,5912992,1291858,1291560,26387939
3889544,1418019,1291546,1292213,1291583,1299398,1292365,21937452,1291560,1291858,26752088
56830853,1299398,26752088,1292213,1291546,5912992,21937452,26387939,1291818,1900841,30170448
33201949,26752088,5912992,1299398,1292064,1929463,21937452,1291571,1291572,2131459,1293350
dyshaizi,1418019,1299398,1291546,26752088,1292213,1291858,21937452,1292365,6786002,5912992
kasaier,1418019,26752088,1291583,1308807,6786002,1291561,1291828,1929463,1299398,1291818
antxash,1299398,1292213,1291583,5912992,26752088,1291560,1291818,1291561,26387939,1298624
cancermomo,1418019,26752088,5912992,1291583,30170448,1291561,1293839,1308807,1300267,1299398
leeforce,1418019,1291546,1299398,1291858,26387939,5912992,1292213,1292365,1293172,1291549
subplant,1418019,26752088,5912992,21937452,1292213,1299398,26387939,1293839,1293172,3793023
157282894,26752088,1299398,1292365,2131459,1291546,1291818,1293839,21937445,1929463,1292213
Reviewer,1418019,1292213,1299398,1291583,5912992,21937452,26752088,1291546,26387939,1296141
159612605,26752088,1299398,1291546,5912992,1293350,1291818,21937445,1292213,26387939,1291571
121627094,1418019,26752088,1299398,1308807,1291561,1291818,1929463,1291583,1291560,1291828
57325467,1418019,26752088,1299398,1292213,1291560,1291561,1291583,1293172,1300267,5912992
gubutong,1418019,26752088,1299398,1291583,1292213,1291560,1291546,1292365,1308807,1291561
65890941,1418019,1299398,1292213,1291546,26752088,1291583,5912992,1292365,1291560,1308807
Janik7,1418019,1299398,21937452,1292213,5912992,1291818,1291546,6786002,26387939,1291828
177432055,1418019,1299398,1291583,1292213,26387939,1291818,1291828,1291549,1291546,3793023
69577445,1418019,1299398,1292213,1291546,26752088,1291583,5912992,21937452,1292365,1291560
Pengjianjun,1418019,1299398,1291560,1292213,1291583,26752088,1308807,1291858,1291561,1293350
59297208,1418019,1299398,1291583,1292213,21937452,26387939,21937445,26752088,1291546,1292365
2819502,1418019,26752088,1291561,1308807,1293350,1292000,3793023,1291583,1291828,1292365
yysmini,1418019,1291546,5912992,1299398,1292213,1291560,1291583,26752088,1291858,1292365
1860252,26752088,1291546,1292213,1291858,1299398,5912992,21937452,1296141,3793023,21937445
172105714,1418019,26752088,1299398,5912992,1292213,30170448,1291583,1291561,1308807,1293839
225774335,1418019,1299398,1292213,1292365,1291546,1291583,1291560,1291858,1291818,1291828
chp1973,26752088,5912992,30170448,1291546,1291818,1900841,1292365,1292000,26387939,1293350
155496531,1418019,26752088,1291583,21937452,1291546,1291560,1291858,5912992,1291818,30170448
107162627,1418019,26752088,1291583,5912992,1308807,1291560,1291818,1291858,21937452,6786002
213979678,1299398,26752088,1292213,1291546,1292000,21937452,1291571,3793023,1291572,1291552
137130712,1299398,1418019,1292213,26752088,5912992,1291560,1291546,1291583,1291858,1308807
maymaomao,26752088,1291546,1418019,5912992,21937452,1299398,1292365,1296141,1291571,21937445
fenmianshusheng,1418019,1299398,1292213,1291583,1291546,1291560,1291858,1291561,1292365,1295124
148571531,1418019,26752088,1291583,1292213,1291561,1291560,21937452,1299398,1308807,5912992
yuchishangjiu,1418019,5912992,1292001,21937452,6786002,1296736,1293172,1293839,1292000,30170448
185827416,1299398,1291560,1291546,1291561,1291858,1292213,30170448,26752088,1291583,1292001
3199619,1418019,1292213,1291583,1299398,1291560,21937452,5912992,1291858,1291818,26752088
182081253,1418019,1299398,1291546,1292365,1291858,1292213,1291560,1291583,1295124,1291561
193284922,1299398,1292365,2129039,26752088,3541415,2131459,1291546,1291828,1929463,1851857
40116392,26752088,1291561,1291583,1299398,1291560,5912992,1292213,3541415,1889243,1291858
bruceliuzhen,1418019,1299398,1292213,26752088,1291583,1291560,1291561,5912992,1308807,1291858
3356830,1418019,1291583,1299398,1292213,21937452,1291560,1291546,1291561,1308807,1291549
44008685,26752088,1291546,5912992,1418019,1299398,3793023,1900841,2131459,1851857,1291572
219791192,1418019,1299398,1292213,1291583,1308807,5912992,21937452,1291561,6786002,1291560
214372589,1418019,26752088,1299398,1292365,1291546,1292213,21937445,1307914,3793023,1851857
221628316,1418019,1291546,1299398,1291858,1292365,1291828,1292213,1295124,1929463,1296736
103477708,1418019,26752088,1291561,1299398,1292213,1291583,1308807,5912992,1291560,21937452
198227979,26752088,2129039,3793023,1485260,1305487,1299131,1292064,1291572,1291571,1292000
205706641,26752088,1291561,1292001,1291818,1291828,1308807,3541415,1929463,1851857,1900841
146898378,1299398,26752088,1291546,5912992,1292213,1292365,1291858,30170448,1900841,1291818
211271103,1418019,1299398,1291560,1291546,1291561,1291858,1292213,1291583,1308807,1291828
212286465,1418019,1292064,1292365,3541415,1292001,1291552,1291571,1291572,27060077,1296736
207670384,1418019,1291546,1292365,1291549,1291828,1291818,1296736,1296141,1929463,21937445
211302714,1418019,1299398,1291546,5912992,1292365,1292213,1296736,1291818,1291828,21937452
qingxiangmanyi,1418019,1299398,1292213,26752088,1291546,1291560,1291561,5912992,1291583,1291858
83056773,1418019,1299398,1292213,1291583,1291560,1291546,1291561,1308807,1292365,1291828
191446559,1291546,1299398,1929463,2129039,1292001,1851857,1485260,1299131,1292365,20495023
136005488,26752088,1292213,1291583,1299398,1291560,21937452,1291561,1291858,1291546,1418019
Dionysus_1994,1418019,26752088,1291561,1292365,1308807,1291560,1291549,5912992,1291583,1900841
simakuang,1418019,1299398,26752088,1292213,1291560,1292365,1291546,1308807,1291583,1291561
141493580,1291561,1291560,1308807,26752088,1291583,3793023,1929463,1299398,5912992,1292001
186136613,26752088,1299398,1291560,1291561,1292213,1291583,1308807,5912992,30170448,1293350
182080231,1418019,26752088,1291560,1291561,1291583,1308807,1291858,1292365,1295124,30170448
znvjjbb,1299398,1292213,1291583,1291560,1291561,21937452,1292001,1308807,1929463,3541415
180718880,1299398,26752088,1291546,1292213,1291560,1291858,1291583,1292365,1291561,1292001
149958339,1418019,1291561,1308807,26752088,1291546,1900841,1291828,1291560,1292365,1291818
175071471,26752088,1291546,1299398,1291560,1291858,30170448,1291561,1292213,3319755,1293839
174874303,1299398,26752088,1291560,1291546,1291561,1292213,1291583,1291858,1308807,5912992
63227983,26752088,5912992,1900841,3319755,1291858,1291843,1292063,1293172,1301753,1292365
sinsu,26752088,1292001,3541415,1851857,1291843,1900841,3319755,27060077,1299131,1295644
173868119,1299398,1292213,1291583,1291560,26752088,1291546,5912992,1291561,21937452,1308807
173006811,1299398,1292213,1291583,1291560,26752088,1291546,5912992,1291561,21937452,1308807
173940484,1299398,1292213,26752088,1291583,1291560,1291546,5912992,21937452,1291858,1291561
162860541,26752088,1291546,1418019,1292064,30170448,1296736,2129039,1900841,1849031,3541415
173836734,1299398,1292213,26752088,1291583,1291560,1291546,5912992,21937452,1291858,1291561
172998860,1299398,1292213,26752088,1291583,1291560,1291546,5912992,21937452,1291858,1291561
173595737,1299398,1292213,1291583,1291560,26752088,1291546,5912992,1291561,21937452,1308807
173021456,1299398,1292213,26752088,1291583,1291560,1291546,5912992,21937452,1291858,1291561
156286145,26752088,1418019,1929463,1291572,1291843,3319755,1292064,1291571,1291552,1849031
164553549,26752088,1299398,1292213,1418019,21937452,1291818,1291561,1900841,30170448,1308807
christopherlin,1418019,1299398,1292213,26752088,1291583,21937452,1291560,1291549,1291561,1292001
161417393,26752088,1291583,1291560,5912992,6786002,1291561,1291828,30170448,1292001,1291549
RiverPheonix,5912992,1292001,1900841,21937452,30170448,1296736,1295644,1292365,1291546,1291843
36612113,1418019,1291546,1299398,1291560,1292365,5912992,3742360,26387939,1291818,1292213
sensitivebastar,1418019,1291561,1291560,1299398,1291546,1291572,1291552,1292063,1293172,1291571
1402913,1299398,1418019,1292213,1291546,1291583,1291858,1291560,21937452,1292365,3742360
Y-Joyce,1418019,26752088,1291583,5912992,21937452,1291560,1292365,1292213,3742360,1308807
48315151,1418019,1299398,5912992,1292213,1291560,1291583,26752088,1307914,26387939,1308807
63298217,1418019,1299398,26752088,1292213,1291583,1291560,1291561,1308807,6786002,1291818
64225096,1418019,1299398,1292213,1291546,26752088,1291560,1291858,1292365,26387939,21937445
blueskyfly,1418019,26752088,1299398,1292213,1291560,1291858,5912992,1291561,30170448,1291583
132357819,1418019,1299398,1292213,1291583,1291560,1292365,1291561,1308807,1291546,1291858
4289171,1418019,1291546,1299398,1292213,26752088,5912992,1292365,1291858,21937452,30170448
ziyuyouyou,1418019,1292213,1299398,1291560,1291583,26752088,1291858,1291561,21937452,1308807
dahdumiedu,1418019,1291546,1291560,1291583,1292365,1308807,5912992,1291561,26752088,1291858
48924562,1418019,1291583,1291560,1291546,5912992,26752088,1292365,1308807,1291561,21937452
2494405,1418019,1299398,1291546,1292213,26752088,1291583,1291858,1291560,1292365,21937452
josephqq,1418019,1291583,1299398,1292213,26752088,1291560,1291546,1308807,1291818,1292365
andreryohei,1418019,1291546,26752088,1299398,1291560,1291858,1292365,1292213,3742360,1291583
iamjustcurious,1418019,1291560,1291583,1291858,1292213,21937452,1291561,3742360,26752088,21937445
sea829,26752088,1299398,1292213,1291818,21937445,1900841,3011091,1292063,1293172,26387939
milkriver,1299398,1292213,1418019,1291546,26752088,1291858,1291583,5912992,3742360,26387939
188117408,1299398,1292213,1291546,1291583,1291560,26387939,21937445,1291858,3742360,1292365
175826657,1291546,1418019,1299398,1292365,26387939,21937445,1307914,3793023,1291549,3742360
64964013,26752088,1299398,1291546,1291858,26387939,1292213,3742360,1307914,1291560,1291583
156196908,1418019,1299398,26752088,1291546,1292213,21937452,1291858,1291818,30170448,5912992
141240819,26752088,1418019,5912992,1291818,30170448,1291561,1293350,1900841,1291843,3742360
136166475,1299398,1418019,1292213,1291546,1291583,21937452,1292365,5912992,1291818,26387939
53638503,26752088,1418019,5912992,1299398,30170448,1291561,1292064,1293350,1300267,1291818
dawanglin,1418019,1299398,1291546,1292213,26752088,1291583,1291858,1291560,1292365,21937452
csfw,1418019,1299398,1291560,1292213,1292365,1291546,26752088,3742360,1291858,1291561
baiguopi,1418019,26752088,1291561,1291546,1308807,3742360,1291560,21937445,1292365,30170448
eix888,1418019,1291583,26752088,1291560,5912992,1299398,1292213,1291561,1308807,1292365
120298591,26752088,1299398,1291560,1291561,1291583,1292213,5912992,1293350,3319755,30170448
65851504,1418019,26752088,1292365,1291546,1291818,3742360,1291560,5912992,1291561,26387939
seesea1988,1418019,1299398,1291546,1292213,26752088,1291583,1291858,1291560,1292365,21937452
Enjolras0712,1418019,1291546,1292213,1291858,1291560,1291583,1292365,3742360,1299398,26387939
213690400,1418019,1299398,1292213,1291546,1291583,1291858,1291560,21937452,1292365,1291561
232182085,1291583,1299398,1291560,1292213,1291561,1291546,26752088,1292365,1291818,1308807
202692491,1418019,1299398,1291546,1292213,1292365,1291818,1291583,1291560,1291858,5912992
204589366,1299398,1418019,1292213,1291546,1291858,26387939,1291560,21937445,1307914,1291583
208581236,1299398,1418019,1291546,1292213,1291583,1292365,1291858,1291560,1291561,21937452
146654491,1418019,1299398,1291546,1292213,1291560,1291858,1291583,26752088,3742360,1291561
61512000,1418019,26752088,1292365,1291858,3742360,1291828,1291561,1291549,26387939,1291572
152833029,1418019,1291583,1291561,1291560,1308807,21937452,5912992,26752088,30170448,1293350
76851962,1418019,1299398,1291546,1291560,1291583,1291561,1292213,1308807,26752088,6786002
decca,1418019,1291546,1299398,1291858,3742360,3793023,1292213,1292365,1291828,26387939
n20000402,1418019,1291583,1291561,1299398,1308807,5912992,1292213,1291560,30170448,1291818
92870112,1418019,1291561,30170448,3541415,1291560,2129039,1306029,1889243,1299398,25662329
75455116,1418019,1291560,1291858,1291561,26752088,1308807,3742360,3541415,1296141,1291546
176812692,1418019,1291583,5912992,1308807,1291560,1292213,1299398,1291561,21937445,6786002
136547010,1299398,1418019,1292213,1291560,1291583,1291561,1291546,1308807,1291828,1296141
3167077,1418019,1291546,1291560,1291858,1291561,1292213,1299398,30170448,1292365,1900841
157368915,1418019,1291561,1308807,3742360,26387939,1291828,1291549,1291560,21937445,1292365
237640499,1299398,1292213,1291560,1291583,1291546,1291858,1291561,26387939,3742360,21937445
213012254,1299398,1291858,1291546,3742360,26387939,21937445,3793023,1307914,1292213,3541415
206528678,1299398,1292213,1291546,21937452,1292000,1900841,1293839,1291818,25662329,30170448
178723418,1418019,1299398,1292213,1291546,1291583,1291561,1291560,21937452,1292365,1308807
lq19940814,1418019,1291561,5912992,1308807,1291828,20495023,3541415,1291549,2129039,30170448
122532789,26752088,1292000,3742360,3793023,1299398,21937445,1291818,5912992,21937452,26387939
46907589,1299398,1418019,1292213,1291546,1291583,1291858,1291560,26387939,21937445,1291818
211165366,1299398,1292213,1291858,2129039,1296141,2131459,25662329,1291572,1295038,20495023
50842238,1418019,1299398,1292213,1291583,1291560,1291546,1308807,5912992,1291561,21937452
godi,1418019,1299398,1292213,1291546,1291583,1291858,1291560,5912992,1292365,1308807
120889298,1418019,1299398,1292213,1291546,1291583,1291560,26752088,1291858,1292365,1308807
1511195,26752088,1291546,1292365,1900841,1296736,25662329,3793023,1291572,26387939,1306029
maerta,1418019,1291546,1299398,26752088,1291560,1291561,1308807,1292365,3742360,1291858
210381677,1418019,26752088,1299398,1291561,1291560,1308807,1291858,1292213,26387939,1307914
yibenbuzhengjin,1418019,1299398,26752088,1291583,1291561,1308807,1292213,1291560,1291818,5912992
antony007007,1418019,26752088,1299398,1291561,1296736,2129039,2131459,1900841,30170448,1306029
tonyyuanyue,1418019,1299398,1291561,26752088,1291583,1308807,1291560,1291546,1292365,1292213
Tutti976641274,1418019,1291583,1299398,1291561,26752088,1292213,3793023,1308807,5912992,1291560
229354025,1299398,1418019,1292213,1291546,1291583,1291858,1292365,1291560,1295124,1291561
51378196,1299398,26752088,1291546,1291583,1291561,5912992,1292213,1291858,3742360,3793023
147195912,1418019,1299398,1291546,1291583,26752088,1292213,1291560,1292365,1291858,1291561
rosemaryyr,1418019,26752088,5912992,1291818,21937452,6786002,1299398,1292063,2131459,3793023
214209334,1418019,1900841,1291552,1291571,2129039,1295038,1889243,1291572,1299398,1291841
171039804,1418019,1292213,1299398,1291583,1291546,1291561,1291560,1291818,1291858,1295124
3087252,1418019,26752088,1299398,1291583,1292213,1291549,1291818,1291828,1291561,1929463
chenning3288,26752088,1418019,1291858,3541415,1900841,1291818,1851857,1929463,1293172,3319755
edogawaconan,1418019,1299398,1291546,1291561,1292213,1291560,1292365,1291583,1308807,26752088
38502674,1299398,1291546,26752088,1292213,1295124,1900841,1292001,1292365,1291549,1291858
202542700,1418019,1291546,1292213,1291583,1299398,1291858,1291560,21937452,1292365,1291561
58622243,1291561,1299398,2129039,1889243,1295038,25662329,3541415,2131459,1291572,1291571
xiehen_1986,1299398,1418019,1292213,1291583,1291546,1291560,1292365,1291858,1295124,6786002
74177005,1418019,1299398,1292213,1291583,1291546,1291561,5912992,1291560,1291858,1308807
209379613,1418019,26752088,5912992,1291546,1291560,1291583,1308807,1291561,30170448,1291818
206079018,1418019,1299398,1292213,1291583,5912992,21937452,1291818,1291828,1291549,1292001
206857323,1418019,1299398,1292213,1291583,1291560,1291546,5912992,1308807,1292365,21937452
156104054,1418019,1299398,1292365,1291546,1291818,1929463,1291828,26752088,1292213,1295124
190875576,1299398,1418019,1292213,1291546,1291583,1292365,21937452,1291818,1291560,1295124
181273890,1299398,1418019,1291546,1900841,1291843,3541415,1306029,1851857,1929463,1292213
150879537,1418019,1291546,1299398,1292365,1291858,1292213,26752088,1291549,1291828,3742360
103015795,1418019,26752088,1291583,1291561,1308807,6786002,1929463,1291818,1292001,1291828
114619634,1299398,1292213,1291583,1291560,1291546,1291561,1308807,1293350,1291858,1295124
151820885,1299398,26752088,1292213,5912992,1292001,1293172,1418019,1292063,1291828,21937445
myxiaoxiao,1418019,1299398,1292213,1291583,1291560,1291546,5912992,1308807,21937452,1291561
147769415,1418019,1308807,1291561,1299398,1293350,1929463,26752088,3541415,26387939,1291560
strawman,1299398,1292213,1418019,1291546,1291561,21937452,1291583,1291560,1291858,1292365
74317710,1418019,1299398,1292213,1291546,1291583,1291560,1291818,1291561,1295124,1308807
70053575,1291583,1292213,1291561,26752088,1291560,1299398,5912992,1418019,21937445,3742360
163941361,1418019,1291583,1291561,1299398,1292213,1291560,1308807,1291546,1291818,1292365
156678716,1418019,1299398,26752088,1291561,1292001,1929463,1291843,1291571,1291841,1298624
158033766,1418019,5912992,26387939,1298624,21937452,1291549,1291561,1291818,1291828,21937445
1479147,1418019,5912992,26387939,21937445,1298624,6786002,1296736,1929463,1293172,1307914
178985766,1418019,1299398,26387939,1307914,1298624,1292001,21937445,3793023,26752088,1291843
211148551,1418019,1299398,1292213,1291583,1291560,5912992,21937452,1291561,1308807,26752088
128834774,1418019,1299398,1292213,1291583,1291560,1291546,6786002,1308807,1291561,1291858
153614589,1418019,1299398,1291546,1292213,1292365,26752088,26387939,21937445,1292001,1307914
181480983,1418019,30170448,1900841,1291843,1293172,1292001,1292063,3319755,1291552,1929463
199702394,1418019,1299398,26752088,26387939,1900841,30170448,1929463,1291828,1292001,3793023
152494269,1418019,1291561,26752088,3742360,1291583,5912992,1308807,1292365,1296736,30170448
136745712,1418019,1299398,1292213,1291583,1291560,21937452,1291561,26752088,1308807,6786002
155536787,1418019,1291561,1291818,26387939,1291560,26752088,1308807,1292001,1291828,1298624
2837668,1418019,1299398,1292213,1291583,1291560,1308807,1291546,1292365,1291561,6786002
146144741,1299398,26752088,1418019,1291546,1291561,1292365,5912992,1292001,3793023,1292213
157876591,1299398,1292213,1291546,26752088,1291583,21937452,1291560,1291818,1293350,1900841
160362912,26752088,5912992,3541415,1293350,1292001,1851857,27060077,3319755,1929463,1291843
pikaqiu110,1291560,1299398,1292001,1291561,1292213,1291843,3541415,1291583,1301753,1293350
154784998,26752088,1299398,1291546,1293350,1291561,1292213,1291818,5912992,3742360,1291858
148109306,1291546,1299398,26752088,26387939,1291818,21937445,5912992,1293350,30170448,1307914
125080605,1418019,1299398,1291561,1291560,26752088,1308807,1292213,5912992,1291583,30170448
50896903,1418019,1299398,1291583,1291561,26752088,1292213,5912992,1291546,1308807,21937452
41078776,1299398,1291561,1292213,1291583,5912992,1291546,1308807,1291560,1293350,26752088
zechewang007,1418019,1291561,1308807,5912992,1291583,1291818,30170448,1900841,6786002,1293350
49891008,1418019,1291561,1299398,26752088,21937445,26387939,1308807,1291828,3541415,1293350
cuxindebenren,1291546,1299398,26752088,3742360,21937445,1291572,1307914,1291843,1296141,1293172
106658069,1299398,1291583,1291546,1292213,1291560,26752088,1291561,1291858,1308807,5912992
34768836,1291546,1299398,3793023,26752088,21937445,1307914,26387939,1292213,3742360,1291858
177514340,1299398,1291546,1292213,1292365,5912992,1293350,1929463,2131459,1291572,1291571
168179362,1299398,1291583,1291561,1292213,1308807,26752088,1291560,1293350,1291546,1851857
187486465,26387939,1291561,21937445,1291818,3793023,3742360,1291583,5912992,2131459,1292001
190271343,26752088,1291546,5912992,1299398,26387939,21937445,1291572,25662329,1291843,1296736
182108784,26752088,1291560,5912992,1291583,1291561,1308807,21937452,21937445,3541415,1307914
155820171,26752088,5912992,1291583,1291561,1292001,1308807,1292365,1291560,1292000,1291818
161658374,26752088,5912992,1291561,1292213,3541415,2131459,1291560,3319755,1299398,30170448
142284736,26752088,1299398,1292213,5912992,21937452,1291546,1418019,1293172,1292365,1929463
137059956,26752088,5912992,1291560,21937452,1292001,1293350,3541415,1291583,1900841,27060077
48941930,26752088,1291546,1299398,1291561,1293350,2131459,3541415,2129039,1292064,1292000
154547270,26752088,26387939,21937445,3793023,3011091,1292000,2129039,25958717,1849031,3541415
151264461,26752088,1291546,1299398,5912992,21937445,1292064,1307914,3742360,1291572,3793023
196327505,1418019,2131459,2129039,1929463,1292365,1889243,3541415,1299398,1291548,1900841
87338384,26752088,1292001,1900841,1293172,1291843,1292052,1292000,1291572,1291818,1292722
62561247,1299398,1418019,1292213,1291546,26752088,1291560,5912992,21937452,1291858,1291583
bfishadow,26752088,1418019,5912992,1292000,1292001,1293172,30170448,1291828,2131459,1291552
215675818,1418019,26752088,1291561,5912992,1308807,1292365,1291583,1291818,1291560,1293839
61260380,1418019,26752088,1291546,1291561,1308807,1291560,1291818,1929463,1291828,1292365
163621067,26752088,1418019,1291561,1292000,2129039,1292064,1291546,1293350,2131459,27060077
tiemabinghe,1418019,1299398,5912992,21937452,1292001,1929463,1300267,1291841,20495023,1291828
164810552,26752088,1291546,1291818,21937452,1929463,1295124,1292001,3541415,1291561,30170448
171830549,1418019,26752088,1299398,5912992,1292213,6786002,21937452,1291549,3793023,1292001
153025571,26752088,1291561,1291560,1291583,1308807,3793023,5912992,30170448,26387939,1292063
150932583,26752088,1418019,1299398,1293350,1292000,1929463,5912992,1291561,2131459,1291572
211788290,1299398,1292213,21937452,26752088,1900841,2131459,2129039,3793023,1292000,6786002
145061484,1418019,1299398,1292213,1291546,1291583,1292365,1291561,1291560,1291858,1291818
153052278,26752088,1418019,1291546,1291818,1293172,1900841,1293350,1291843,1292001,30170448
201634600,1299398,1292213,1291546,1418019,1291583,21937452,1292064,1291560,1291858,1291572
157326826,1418019,1291583,1291560,1292213,1299398,1291561,1308807,1291858,1295124,26752088
159046019,1418019,1299398,1292213,21937452,1900841,1291560,1291583,1291549,1291561,1293839
148522000,1418019,1291546,1299398,1291561,1293350,1291560,3541415,26752088,1292000,1291818
67205440,1418019,26752088,1299398,21937452,5912992,6786002,1291583,1291561,1292213,1291560
lucky_luke,1418019,26752088,1291561,1308807,1291560,1291583,1929463,1291828,1293172,1292365
kiki204629,1418019,26752088,1291546,1291560,1291858,1296736,1291561,1299398,1292365,1292213
searchforriver,1291546,26752088,1291858,3742360,1292365,26387939,21937445,1307914,1296736,1900841
moviezys,1418019,1291546,1291583,5912992,1292213,21937452,1299398,1291561,1291560,26752088
j_lazy,1418019,1299398,1308807,1292213,1291560,1291561,1291546,26752088,1291828,1291583
4075628,1418019,26752088,1308807,1299398,1291828,1929463,1291561,1292000,1291583,6786002
xiaofeigezhan,1418019,1299398,1292213,1291546,1291583,1291560,26752088,1291858,1292365,5912992
147251545,1418019,26752088,5912992,1308807,1291560,6786002,1291561,1292213,1299398,1291583
82089498,1418019,26752088,5912992,26387939,21937445,3742360,1307914,1296736,1292365,1291858
134115729,1418019,26752088,1299398,1292213,1291560,1291583,1291561,1291546,1292365,1308807
200972473,1291546,1299398,1292365,21937452,2129039,1292213,1291818,1296736,1291572,1485260
47626766,1418019,1299398,1292213,1291583,21937452,1291546,1291549,1291561,1291560,1291828
47100479,1418019,1291583,1308807,21937452,1291560,1291561,26752088,1292213,1299398,6786002
185217114,1418019,1299398,26752088,1291583,5912992,1292213,1291561,1291560,1308807,21937452
97800435,26752088,1299398,1291828,3793023,1292063,1292001,26387939,2131459,1291572,1291571
40353629,1418019,1299398,26752088,1292213,1291560,1291583,1308807,5912992,21937452,1291561
shermanizer,1418019,1299398,1291583,1292213,1291560,1308807,5912992,1291546,1291561,6786002
143565514,1418019,26752088,1299398,1291560,1308807,1291583,1291818,1900841,26387939,1291561
maoxiaomao,26752088,5912992,1291561,1293350,1291818,1291843,1293172,21937445,1291572,30170448
wangfendou1,1418019,1291583,1291560,1291561,1308807,5912992,1291818,6786002,1929463,3541415
Riselka,26752088,1418019,5912992,1292001,30170448,2131459,2129039,1291828,1292064,1292000
79856686,26752088,1418019,3793023,26387939,1291572,1291843,1299131,1291552,1298624,1291841
182091808,26752088,1418019,5912992,1292001,1292000,1293172,1291828,1929463,1291818,21937445
xiaoxiaonong,1418019,1291561,1293350,1299398,1291828,2129039,1308807,26752088,1292052,1291552
44652353,1418019,1291546,26752088,1299398,1291560,1292365,1291561,1291583,1308807,1292213
55835124,1418019,26752088,1291583,1291561,1299398,1293350,1292213,1308807,1295124,25662329
47524917,1418019,1291546,1299398,1292213,1293172,1291858,1292001,1292000,1291560,26387939
fuyun521,1418019,1299398,1291546,26752088,1291561,1292213,1292365,1291560,1291583,1308807
yikehuabai,1418019,26752088,26387939,3793023,1291572,1291571,25662329,1292063,1889243,1291561
embraceyou,1418019,26752088,1291546,2131459,2129039,25662329,1291828,1291561,1306029,3541415
kypyy,1292365,26752088,1291546,21937445,1299398,26387939,3742360,1296141,1292001,1293172
81914477,1418019,1291583,26752088,1291561,1291560,1308807,1291818,1292213,1299398,3742360
206474675,1418019,1291546,1299398,1291858,1291560,1291828,3541415,2129039,3742360,1292213
136170355,1418019,1299398,1292213,1291583,1291561,1291560,1292365,1291818,1308807,1295124
160991869,1418019,1299398,1291546,1291583,1292213,1292365,21937452,1291560,1291858,1291561
133535313,1418019,1299398,1292213,1291583,1291828,1291561,1295124,1291560,1291546,3541415
183665692,26752088,1291546,1291858,1418019,26387939,1299398,3742360,3793023,1307914,1292063
146123684,1418019,1291560,1291583,26752088,1292213,1291858,1299398,1291561,3742360,1308807
58709244,1299398,1418019,1292213,1291546,1291583,1291560,1291858,1292365,21937452,1295124
xfdzl,1418019,1299398,1291583,1291561,1308807,1292213,1291828,26752088,6786002,26387939
gwsw0614,1418019,1291583,26752088,1299398,1292213,1291560,21937452,5912992,1292365,1291561
xuanyulee,1291546,1418019,1292365,1299398,1291828,3541415,1291858,1929463,1292001,1306029
194205729,26752088,1418019,1291561,1299398,3742360,1291560,1291858,1291546,2131459,1292365
160295631,1418019,1291583,1292213,1299398,26752088,1291560,1291561,21937452,5912992,3742360
146829829,1418019,1299398,1291546,1291560,26752088,1308807,1292213,1292365,1291583,1291561
txshtc,1418019,1292213,1291583,1299398,26752088,1291560,1291858,1291561,1292365,5912992
143175860,1418019,1299398,26752088,1291561,1292213,1291560,1291583,1291546,1291858,1308807
51878455,1299398,26752088,1292213,1291546,5912992,1291858,1295124,3541415,1306029,1293350
rendezvousing,26752088,1291546,1292365,5912992,1299398,3793023,26387939,21937445,1900841,1307914
68292844,1418019,1299398,1292213,26752088,1291560,5912992,6786002,1291583,1291561,1308807
37085200,1418019,26752088,1299398,5912992,21937452,1291546,1292213,26387939,6786002,1293350
78415238,1418019,26752088,1291546,1292213,1291560,5912992,1291858,1292365,21937452,1299398
xj19870122,1299398,1418019,1292213,26752088,1291546,5912992,1291561,1291560,1291858,1293839
tangmm,1418019,1299398,26752088,1292213,1291583,1291560,1291561,1308807,1291546,1291818
166802800,1418019,1291546,1299398,1291560,1291858,1292365,1291561,1292213,2129039,26752088
xiaofeiyang,1291546,1418019,1299398,1292365,1292001,1296736,1291549,1291572,3541415,1295124
180662519,1418019,1299398,26752088,1291546,5912992,1292213,21937452,6786002,30170448,1308807
170556740,26752088,1291546,1299398,1292365,1292000,1292064,1293350,2131459,1291572,1291858
dalianhaizao,26752088,2131459,2129039,25662329,1300267,1306029,3793023,1291572,1296141,1292720
186550356,1299398,1291546,26752088,1292365,1291858,1291828,1929463,21937445,1292213,1291818
75769830,1418019,1299398,26752088,1291546,1292213,5912992,21937452,1291818,6786002,30170448
zcwzcw789126,1418019,26752088,1299398,1291818,5912992,1298624,30170448,1929463,1292063,1291843
155933555,1418019,1291583,1299398,1291561,26752088,1308807,1291560,1292213,6786002,5912992
peoplexingzi,1418019,1299398,1292213,1291583,1291546,1291560,1291561,26752088,1292365,1308807
53238292,1418019,26752088,1291560,1291818,1299398,1291858,1291561,1291583,1292365,1308807
51715849,1418019,1299398,26752088,1291583,1291561,1292213,1308807,1291560,1291546,21937452
204233160,1418019,1291561,1291560,26752088,1299398,1292213,1291583,1308807,30170448,1291858
156490791,1418019,1291560,1299398,1292213,1929463,1291583,1291561,1291828,26752088,1292365
BIANJU20170418,1418019,26752088,1291560,1292213,1299398,1291583,5912992,1291561,1929463,1308807
182492938,1418019,26752088,1291561,1308807,3793023,1291828,21937445,1292001,5912992,1291572
142114984,1418019,1291561,26752088,21937445,1308807,1291583,3793023,26387939,2131459,1293350
99264073,1418019,1299398,1292365,1291818,1291560,1291561,26752088,1291546,1291583,1308807
113412345,26752088,1291546,1291858,26387939,3742360,1307914,3793023,21937445,1418019,1299398
54424275,26752088,1418019,1291546,1291561,1291858,26387939,1292063,30170448,21937445,1299398
Merliny,1299398,1418019,1291546,1291858,3742360,26387939,21937445,1291561,1307914,1292213
INPUS,1418019,3793023,1291818,1293350,3541415,1889243,1929463,2129039,1305487,1900841
186100988,1418019,1299398,1292213,1291560,1291583,1308807,26752088,1291561,5912992,30170448
188228655,26752088,1299398,1292365,1292213,1291546,1291858,3541415,3742360,1292064,1291572
ischoles,1418019,26752088,1291583,5912992,21937452,1292213,1299398,1291561,1291546,1291560
3474199,1299398,1418019,1292213,1291546,1291583,26752088,1291560,1291858,1292365,5912992
160363433,26752088,1299398,5912992,3793023,26387939,1291572,1292064,1291843,1291571,1291552
58945851,1299398,1291546,1292213,1418019,26752088,1291858,1292365,26387939,3742360,1291560
157701920,1418019,1299398,1291583,26752088,1292213,1291561,21937452,1308807,1291560,5912992
BLOOM,1418019,1291546,1291560,1291583,1292213,1291858,1291561,1292365,21937452,1299398
189565837,26387939,3793023,26752088,1307914,1293172,1929463,21937445,1292000,1485260,1291828
algeking,1418019,26752088,1291858,1291561,1292365,1291560,26387939,1308807,1291583,21937445
211168068,1291818,1299398,1291858,1292213,3742360,1292365,1291828,21937445,1307914,1293172
160620796,26752088,5912992,1299398,1418019,1291546,30170448,26387939,2131459,1293839,1291843
139881013,1418019,1291561,1291583,1308807,5912992,1299398,1291828,1929463,1293350,6786002
young1001,1418019,26752088,1291561,1308807,1291828,1292064,1851857,6786002,5912992,1299398
141827239,1299398,1418019,1292213,1291546,1291858,1291560,1292365,21937452,5912992,6786002
westmay,1299398,1292213,26752088,1418019,1291546,5912992,1291561,1291583,1291858,1293839
55532351,1418019,1299398,1292213,1291546,1291583,1291560,26752088,1291561,1308807,5912992
25944352,1418019,26752088,5912992,6786002,30170448,1929463,1292001,1293839,1308807,20495023
214649950,1418019,1299398,1292213,1291546,1291583,1291560,1291858,1292365,1291561,1308807
73611550,1291546,1299398,26752088,1291858,5912992,1292213,3742360,26387939,21937445,1292365
72952601,1291546,1299398,26752088,1291858,5912992,1292213,3742360,26387939,21937445,1292365
